Bedrooms,Bathrooms,Land area,CV,Latitude,Longitude,SA1,0-19 years,20-29 years,30-39 years,40-49 years,50-59 years,60+ years,Suburbs,CU18,NZDep2018
5,3.0,714.0,960000,-37.0129205,174.90406940000003,7009770,48,27,24,21,24,21,37,174,6.0
5,3.0,564.0,1250000,-37.0636724,174.9229121,7009991,42,18,12,21,15,30,14,129,1.0
6,4.0,626.0,1250000,-37.063579700000005,174.9240444,7009991,42,18,12,21,15,30,14,129,1.0
2,1.0,65.0,740000,-36.9129964,174.78742490000002,7007871,42,6,21,21,12,15,14,120,2.0
3,1.0,601.0,630000,-36.979036900000004,174.8926119,7008902,93,27,33,30,21,33,3,231,9.0
3,1.0,100.0,1050000,-36.943928899999996,174.78050149999999,7007917,63,15,24,33,30,39,13,195,4.0
3,1.0,531.0,2525000,-36.849238899999996,174.73445130000002,7004908,33,12,18,12,15,9,5,102,4.0
3,2.0,1024.0,1400000,-36.9077,174.7960425,7005903,36,33,39,21,12,24,2,162,4.0
3,2.0,80.0,475000,-37.033322399999996,174.89811310000002,7009808,45,27,15,12,12,12,37,126,10.0
4,2.0,204.0,660000,-36.8462083,174.62079440000002,7003826,30,27,36,15,24,12,15,141,6.0
4,2.0,170.0,900000,-36.8462083,174.62079440000002,7003826,30,27,36,15,24,12,15,141,6.0
4,2.0,170.0,660000,-36.8462083,174.62079440000002,7003826,30,27,36,15,24,12,15,141,6.0
3,1.0,637.0,920000,-36.7925353,174.7272634,7002805,42,33,36,30,24,24,2,189,2.0
3,1.0,640.0,570000,-37.0251198,174.87963100000002,7009565,69,33,24,21,15,9,37,171,10.0
4,2.0,650.0,1150000,-36.9040755,174.69425690000003,7004424,54,45,33,18,18,6,23,174,9.0
3,1.0,138.0,1200000,-36.9184475,174.7177085,7007562,51,36,30,18,18,36,26,183,9.0
2,1.0,75.0,640000,-36.9185162,174.7192568,7007562,51,36,30,18,18,36,26,183,9.0
5,3.0,724.0,640000,-36.621938899999996,174.6639437,7001422,51,54,66,24,9,12,6,219,2.0
5,3.0,429.0,1180000,-36.6233277,174.66401430000002,7001422,51,54,66,24,9,12,6,219,2.0
5,3.0,520.0,590000,-36.621938899999996,174.6639437,7001422,51,54,66,24,9,12,6,219,2.0
3,1.0,1381.0,2080000,-36.910598,174.7633054,7007751,27,36,24,18,12,9,2,135,7.0
5,4.0,732.0,1800000,-36.7506011,174.67955849999998,7002324,63,27,24,51,30,18,1,213,1.0
4,2.0,799.0,1145000,-36.8896501,174.67460690000001,7004268,48,24,30,24,18,27,23,162,6.0
3,1.0,1105.0,920000,-36.9284876,174.6694885,7007391,72,21,30,33,27,15,12,198,6.0
3,1.0,463.0,1500000,-36.8721796,174.7386307,7004956,21,33,18,24,21,12,1,132,5.0
3,2.0,681.0,1100000,-36.9014454,174.915807,7006932,12,12,15,12,15,24,2,90,3.0
3,2.0,4068.0,710000,-36.6192234,174.7798928,7001678,51,18,15,27,36,42,1,189,1.0
2,1.0,106.0,1020000,-36.887909,174.8432822,7006356,45,18,42,51,18,42,5,213,3.0
3,1.0,713.0,1150000,-36.8924701,174.71401530000003,7004636,51,39,15,21,45,33,9,198,1.0
3,2.0,211.0,1600000,-36.8540672,174.8347488,7006277,24,18,27,24,18,51,11,168,3.0
3,2.0,402.0,1280000,-36.9031776,174.7684391,7005632,30,24,18,15,15,30,23,132,2.0
3,1.0,883.0,2150000,-36.9033021,174.7686074,7005632,30,24,18,15,15,30,23,132,2.0
5,3.0,883.0,2425000,-36.903732399999996,174.77070469999998,7005632,30,24,18,15,15,30,23,132,2.0
4,3.0,883.0,2425000,-36.903732399999996,174.77070469999998,7005632,30,24,18,15,15,30,23,132,2.0
4,1.0,675.0,435000,-37.1914653,174.8967586,7010341,96,36,24,24,12,9,13,204,10.0
4,3.0,388.0,1300000,-36.9191013,174.7602332,7007766,51,48,33,30,18,12,14,189,6.0
3,2.0,1034.0,1120000,-36.9176375,174.86966619999998,7008696,90,48,51,27,36,36,4,282,9.0
3,1.0,1295.0,850000,-36.7850631,175.0278712,7003352,30,12,9,15,18,33,8,123,6.0
3,2.0,1102.0,930000,-36.8970908,174.6382264,7004023,51,15,24,21,12,24,6,153,9.0
3,2.0,551.0,1025000,-37.0639294,174.9194913,7009992,51,21,30,21,18,36,14,177,2.0
3,1.0,809.0,930000,-36.9710412,174.8693896,7008633,54,42,39,21,27,36,29,225,9.0
2,1.0,1108.0,1225000,-36.916308,174.7598366,7007765,39,39,30,24,24,33,14,189,3.0
6,3.0,745.0,1100000,-36.6089222,174.785329,7001675,75,12,30,51,24,42,9,234,1.0
5,3.0,613.0,1925000,-36.870046200000004,174.8251511,7006190,69,12,42,45,18,18,4,201,1.0
3,1.0,758.0,990000,-36.9198143,174.77225280000002,7007820,33,9,18,21,21,6,14,114,2.0
4,2.0,727.0,920000,-37.0648902,174.9286899,7009998,48,21,18,18,39,33,1,174,1.0
2,1.0,59.0,600000,-36.8900779,174.69238700000002,7004387,57,42,33,21,21,21,23,195,8.0
4,2.0,260.0,1025000,-36.8896313,174.69248480000002,7004387,57,42,33,21,21,21,23,195,8.0
3,2.0,126.0,630000,-37.0152515,174.88048799999999,7009541,60,36,30,9,18,6,37,162,10.0
3,1.0,615.0,1575000,-36.8727657,174.7460271,7005166,27,75,33,24,15,18,26,189,6.0
4,2.0,756.0,1050000,-36.9931422,174.9036367,7009731,75,45,42,27,39,66,3,288,4.0
4,1.0,3609.0,1380000,-37.0172546,174.90741519999997,7009861,63,27,39,30,6,24,37,189,6.0
3,2.0,809.0,830000,-36.7867738,175.01150239999998,7003341,18,6,9,21,21,42,8,132,4.0
3,1.0,431.0,940000,-36.8688531,174.8403044,7006318,48,45,27,30,27,21,4,201,2.0
4,2.0,3648.0,1520000,-36.9507221,174.64134030000002,7007223,51,21,15,39,27,27,12,180,2.0
4,3.0,3177.0,1400000,-36.9499586,174.64297019999998,7007223,51,21,15,39,27,27,12,180,2.0
5,3.0,545.0,1725000,-36.8581658,174.8281687,7006178,39,39,33,24,27,27,13,189,4.0
4,2.0,420.0,2150000,-36.8587685,174.8284616,7006178,39,39,33,24,27,27,11,189,4.0
3,2.0,481.0,1325000,-36.8022939,174.78551330000002,7003315,36,9,12,18,21,12,1,105,2.0
3,1.0,279.0,1220000,-36.8839242,174.80260249999998,7005999,27,21,15,21,18,24,59,120,4.0
3,1.0,120.0,630000,-37.0230935,174.9208854,7009958,54,21,21,15,9,9,5,126,10.0
4,2.0,1037.0,1400000,-36.8949914,174.8937769,7006737,54,21,30,27,21,24,1,180,4.0
4,3.0,202.0,1340000,-36.8763644,174.8190155,7006075,54,12,27,30,24,45,59,189,3.0
4,2.0,1031.0,2450000,-36.8762123,174.8199745,7006075,54,12,27,30,24,45,59,189,3.0
3,1.0,602.0,530000,-37.0252348,174.8630015,7009471,105,48,42,27,30,12,5,267,10.0
4,2.0,810.0,730000,-37.213396200000005,174.9054744,7010539,48,15,12,27,27,36,13,168,2.0
3,1.0,475.0,810000,-36.903786,174.6686326,7004296,30,21,27,24,12,21,10,138,6.0
3,1.0,736.0,1170000,-36.7780575,174.7153418,7002617,45,42,30,18,15,30,6,174,4.0
3,1.0,110.0,540000,-37.0289075,174.9155234,7009880,54,18,18,18,9,6,5,123,10.0
4,1.0,99.0,485000,-37.02979929999999,174.911026,7009882,93,66,39,24,18,9,5,243,10.0
3,2.0,153.0,790000,-36.9208765,174.6304169,7007125,72,24,30,33,33,51,6,234,3.0
5,3.0,245.0,1240000,-36.8888684,174.8125681,7006106,57,42,45,42,9,30,59,228,2.0
4,1.0,2567.0,2725000,-36.889369,174.813201,7006106,57,42,45,42,9,30,9,228,2.0
3,1.0,1500.0,680000,-36.406573200000004,174.5450829,7001269,54,9,18,30,30,33,1,168,4.0
3,2.0,885.0,860000,-36.8646972,174.6521841,7004112,33,30,15,33,27,21,10,162,7.0
4,3.0,480.0,2275000,-36.8625187,174.7474227,7005129,21,30,27,24,18,21,10,147,3.0
4,2.0,377.0,850000,-36.9314956,174.8467009,7008343,51,57,42,27,30,39,18,234,7.0
3,1.0,688.0,780000,-36.931371,174.8475282,7008343,51,57,42,27,30,39,18,234,7.0
6,3.0,10557.0,1945000,-36.8395657,174.5907986,7003463,42,24,15,30,27,33,15,180,5.0
2,1.0,405.0,1000000,-36.895017100000004,174.8242295,7006236,42,15,48,39,12,24,9,186,4.0
3,2.0,561.0,710000,-37.0223681,174.92095319999999,7009955,87,24,33,39,21,27,5,231,8.0
4,2.0,255.0,810000,-37.0414044,174.9349884,7010021,75,72,66,33,15,15,12,276,3.0
5,3.0,519.0,540000,-36.5930625,174.6780098,7001409,0,0,0,0,0,0,11,18,7.0
4,2.0,650.0,590000,-36.590886499999996,174.66932,7001409,0,0,0,0,0,0,11,18,7.0
4,2.0,602.0,1075000,-36.590886499999996,174.66932,7001409,0,0,0,0,0,0,11,18,7.0
5,3.0,650.0,1250000,-36.5903256,174.6681286,7001409,0,0,0,0,0,0,11,18,7.0
5,3.0,519.0,1225000,-36.5937888,174.6739169,7001409,0,0,0,0,0,0,11,18,7.0
5,3.0,522.0,540000,-36.5930625,174.6780098,7001409,0,0,0,0,0,0,11,18,7.0
5,3.0,651.0,1260000,-36.5936147,174.67732469999999,7001409,0,0,0,0,0,0,11,18,7.0
4,2.0,559.0,1050000,-36.590886499999996,174.66932,7001409,0,0,0,0,0,0,11,18,7.0
5,3.0,420.0,1200000,-36.9861529,174.9072372,7009106,45,48,30,18,24,24,25,192,2.0
3,2.0,472.0,720000,-36.677469200000004,174.4522649,7001739,33,24,9,15,24,48,5,150,7.0
3,1.0,1067.0,580000,-36.9563698,174.8892654,7008844,45,27,12,15,15,15,3,132,10.0
3,1.0,726.0,570000,-36.955804799999996,174.8879416,7008844,45,27,12,15,15,15,3,132,10.0
3,2.0,251.0,1300000,-36.9047954,174.7739675,7007786,21,15,18,12,18,18,23,108,4.0
5,2.0,220.0,1225000,-36.800166299999994,174.7338294,7002953,42,33,21,21,6,18,2,141,5.0
5,3.0,420.0,1250000,-36.971777100000004,174.918647,7009239,39,21,30,18,9,12,25,129,3.0
4,2.0,1467.0,970000,-36.6109852,174.7127236,7001568,24,12,15,12,18,42,5,132,4.0
4,1.0,701.0,1000000,-36.915799799999995,174.73439419999997,7007615,42,33,24,18,12,21,26,150,9.0
4,2.0,826.0,980000,-37.0678773,174.9257112,7009995,60,21,48,39,27,30,14,219,1.0
4,2.0,743.0,990000,-37.0650699,174.92475890000003,7009995,60,21,48,39,27,30,14,219,1.0
3,1.0,272.0,680000,-37.07187879999999,174.9563186,7010203,99,48,30,21,24,15,19,240,10.0
6,2.0,672.0,1030000,-37.031105100000005,174.89252319999997,7009684,57,51,18,15,21,15,37,183,9.0
3,2.0,772.0,920000,-36.921876700000006,174.6646886,7007317,57,15,24,27,30,36,12,183,4.0
3,1.0,318.0,600000,-37.2096583,174.8966255,7010504,45,42,18,33,27,33,13,201,7.0
4,2.0,895.0,920000,-36.774209899999995,174.72523030000002,7002758,18,18,18,15,12,24,6,99,6.0
9,5.0,2028.0,1350000,-36.975488299999995,174.8644449,7008648,39,27,21,15,21,21,29,147,9.0
3,1.0,371.0,900000,-36.8864339,174.74586090000003,7005199,57,33,36,30,18,15,26,186,6.0
2,2.0,93.0,920000,-36.904282200000004,174.7588224,7005473,0,12,0,0,0,0,6,30,7.0
3,2.0,286.0,1340000,-36.9036375,174.75841880000002,7005473,0,12,0,0,0,0,6,30,7.0
3,1.0,429.0,850000,-36.900007099999996,174.6938496,7004415,33,27,30,15,21,21,23,153,6.0
3,1.0,623.0,630000,-36.8574435,174.60012680000003,7003539,60,30,18,15,15,27,12,171,10.0
6,2.0,479.0,1325000,-36.7502525,174.7350724,7002875,51,48,45,27,30,24,1,222,4.0
3,2.0,113.0,1140000,-36.898097799999995,174.75660459999997,7005463,30,72,24,18,21,15,26,174,5.0
4,2.0,469.0,1745000,-36.7781846,174.7508405,7003086,63,36,42,30,30,18,1,216,4.0
3,1.0,898.0,740000,-36.2986271,174.79864840000002,7001158,18,6,9,12,27,48,1,117,5.0
3,2.0,370.0,1120000,-36.906797999999995,174.7543779,7005250,63,18,21,12,6,18,26,129,10.0
3,2.0,120.0,580000,-36.9779943,174.8681825,7008656,42,42,30,24,21,21,29,186,7.0
3,1.0,422.0,670000,-36.915067,174.6456471,7007252,48,9,15,30,12,21,6,144,6.0
4,3.0,868.0,800000,-36.8820848,174.6567039,7004220,45,27,33,24,15,30,4,180,8.0
3,1.0,880.0,580000,-37.039314000000005,174.92106299999998,7009970,33,51,24,15,12,24,12,150,9.0
4,2.0,690.0,1175000,-36.9175628,174.7935673,7007983,66,33,48,36,27,33,14,237,5.0
4,3.0,238.0,800000,-37.0443323,174.927343,7010024,60,66,72,27,21,9,12,249,3.0
4,2.0,569.0,1325000,-36.920718,174.78031869999998,7007906,21,21,15,18,27,27,14,132,8.0
4,2.0,8000.0,1510000,-37.116236900000004,174.978964,7010270,39,27,18,27,45,69,2,219,1.0
4,3.0,8129.0,1620000,-37.1206153,174.9833398,7010270,39,27,18,27,45,69,2,219,1.0
3,1.0,447.0,1360000,-36.9069089,174.76022849999998,7005474,51,36,18,24,27,36,6,189,4.0
4,2.0,744.0,920000,-36.807162,174.71120390000002,7002670,36,15,30,21,21,3,3,129,2.0
3,1.0,630.0,870000,-36.6246599,174.7297045,7001611,72,27,18,30,33,30,2,213,4.0
3,1.0,415.0,660000,-36.991306200000004,174.84849640000002,7009392,45,45,30,21,18,24,29,183,8.0
3,1.0,93.0,850000,-36.8736688,174.8480004,7006441,36,27,42,21,6,15,7,147,6.0
3,2.0,804.0,1050000,-36.8046583,174.7047238,7002550,30,36,33,21,24,18,1,162,3.0
2,1.0,323.0,1625000,-36.8481167,174.73943,7004881,39,33,27,33,33,21,5,186,5.0
3,2.0,810.0,1625000,-36.9469952,174.77865680000002,7007923,39,18,36,18,24,51,13,189,4.0
3,2.0,728.0,910000,-36.933223100000006,174.84677019999998,7008462,15,30,21,12,9,15,18,93,8.0
4,3.0,580.0,1175000,-37.0800841,174.9260771,7010002,81,15,51,45,21,36,14,249,1.0
2,2.0,140.0,790000,-36.9011618,174.8510364,7006467,21,39,21,12,9,9,3,108,8.0
3,2.0,606.0,830000,-36.395545299999995,174.6535508,7001213,51,15,27,27,21,30,3,174,4.0
6,4.0,325.0,1825000,-36.6418176,174.7328175,7001628,24,15,9,9,21,24,1,93,1.0
4,1.0,175.0,1775000,-36.876847399999996,174.8147784,7006080,39,6,21,18,27,15,59,123,2.0
4,2.0,663.0,880000,-37.0465768,174.9117585,7009901,51,39,24,33,45,39,4,231,2.0
3,1.0,422.0,520000,-37.0654435,174.9672078,7010237,99,33,27,33,18,24,19,237,10.0
3,1.0,582.0,470000,-37.0661128,174.9674898,7010237,99,33,27,33,18,24,1,237,10.0
4,2.0,292.0,800000,-36.986520399999996,174.90794250000002,7009107,36,48,36,9,6,0,25,141,4.0
3,2.0,144.0,420000,-36.986073100000006,174.90841369999998,7009107,36,48,36,9,6,0,25,141,4.0
3,2.0,310.0,1250000,-37.1463039,174.929007,7010364,27,6,18,9,15,24,1,96,3.0
2,1.0,849.0,2275000,-36.8569511,174.818547,7006050,42,15,21,27,21,39,13,168,4.0
5,3.0,1032.0,2625000,-36.8568781,174.8186995,7006050,42,15,21,27,21,39,13,168,4.0
3,1.0,446.0,560000,-36.8412486,174.6043601,7003521,48,30,27,27,21,21,15,177,8.0
4,1.0,951.0,680000,-37.067935399999996,174.9598568,7010199,87,48,27,21,33,18,19,237,9.0
3,2.0,571.0,670000,-37.066514,174.9580746,7010199,87,48,27,21,33,18,19,237,9.0
5,3.0,877.0,1490000,-37.0516846,174.90614230000003,7009906,36,21,12,30,27,42,4,168,2.0
4,2.0,809.0,830000,-36.804617799999995,174.71203480000003,7002666,54,36,33,30,15,21,3,195,3.0
7,2.0,333.0,1400000,-36.8661486,174.75379180000002,7005141,24,42,21,12,12,15,2,132,3.0
3,1.0,1513.0,1005000,-36.920320000000004,174.6919081,7007481,30,15,15,9,12,6,10,90,9.0
3,2.0,528.0,850000,-36.877027399999996,174.640536,7003976,27,18,21,12,6,18,10,102,7.0
3,1.0,636.0,1040000,-36.8901125,174.8659207,7006581,57,27,18,15,18,12,2,147,10.0
5,3.0,417.0,1225000,-36.959775,174.93261090000001,7009292,39,12,21,21,15,3,25,111,5.0
3,2.0,170.0,630000,-37.0146766,174.89846619999997,7009772,51,39,39,27,18,36,37,210,6.0
3,1.0,658.0,990000,-36.9094537,174.7238505,7007592,45,45,24,30,18,39,26,201,6.0
4,2.0,1573.0,825000,-36.9465931,174.6634799,7007342,48,9,15,33,18,21,12,135,1.0
9,4.0,1843.0,2200000,-36.8603096,174.86930180000002,7006635,30,18,3,18,21,12,10,102,4.0
4,2.0,404.0,2050000,-36.859620899999996,174.8696361,7006635,30,18,3,18,21,12,10,102,4.0
2,1.0,176.0,1500000,-36.8506282,174.7506425,7005093,21,27,21,15,15,48,2,147,3.0
3,1.0,80.0,960000,-36.895639,174.8455024,7006461,27,12,27,24,18,15,18,123,6.0
4,2.0,683.0,970000,-36.8976911,174.9135872,7006911,69,24,27,33,12,27,9,195,5.0
4,3.0,380.0,2525000,-36.6374487,174.6341666,7001771,57,18,27,30,39,54,2,219,3.0
3,2.0,117.0,1220000,-36.883432299999996,174.81580459999998,7006097,63,30,42,39,24,30,59,219,1.0
5,3.0,555.0,1345000,-36.7233994,174.72007580000002,7001859,48,42,30,21,21,30,1,189,4.0
4,3.0,763.0,4700000,-36.8470899,174.7318972,7004701,45,24,15,30,33,39,5,189,1.0
4,2.0,230.0,1100000,-36.8118318,174.7101814,7004547,60,24,36,36,24,66,2,249,2.0
2,1.0,104.0,1020000,-36.8865576,174.8404341,7006346,27,42,24,21,18,27,5,162,2.0
3,1.0,600.0,630000,-36.97792020000001,174.8961056,7008964,63,36,24,27,24,30,3,195,9.0
3,2.0,166.0,830000,-36.9209207,174.7357439,7007672,81,39,60,30,21,27,26,258,7.0
4,2.0,519.0,470000,-37.0493856,174.97289080000002,7010211,123,99,93,39,39,18,19,414,5.0
5,3.0,528.0,470000,-37.0502164,174.97293630000001,7010211,123,99,93,39,39,18,19,414,5.0
5,3.0,603.0,480000,-37.049918,174.9724182,7010211,123,99,93,39,39,18,19,414,5.0
3,1.0,439.0,780000,-37.01495739999999,174.91502240000003,7009850,45,24,33,27,36,36,37,204,4.0
3,1.0,600.0,530000,-37.042509499999994,174.8673894,7009515,78,33,39,24,30,24,8,225,10.0
3,2.0,368.0,880000,-36.8152696,174.6288851,7003789,45,30,15,27,24,36,7,174,4.0
3,1.0,1012.0,2112000,-37.2271956,174.93889099999998,7010971,39,6,9,24,18,36,1,129,3.0
4,4.0,2718.0,9000000,-36.871836,174.81368899999998,7005974,27,12,6,18,18,36,59,114,1.0
4,2.0,191.0,1825000,-36.8534844,174.84930269999998,7006399,48,24,21,30,27,36,29,186,3.0
2,2.0,173.0,590000,-36.94338270000001,174.90154819999998,7008935,24,24,45,15,15,6,4,132,6.0
3,1.0,1070.0,1875000,-36.886768200000006,174.8134448,7006010,48,15,27,27,12,30,59,153,3.0
3,2.0,586.0,830000,-36.8324006,174.63285390000001,7003938,84,36,36,42,27,30,15,255,9.0
4,2.0,723.0,1460000,-36.9420311,174.76767230000002,7007837,27,9,9,21,15,30,13,105,1.0
2,1.0,90.0,455000,-36.9763865,174.8391374,7008426,54,45,33,18,24,18,29,198,8.0
5,2.0,260.0,890000,-36.8843686,174.6504321,7004156,60,27,24,30,18,18,10,186,5.0
6,3.0,210.0,1000000,-36.8848921,174.64905149999998,7004156,60,27,24,30,18,18,10,186,5.0
3,2.0,138.0,1220000,-36.861919,174.8521385,7006422,45,12,24,33,30,48,29,189,2.0
1,1.0,59.0,325000,-36.657444399999996,174.4331618,7001725,45,18,21,21,24,24,1,153,10.0
4,2.0,846.0,610000,-37.0481046,174.860194,7009434,108,42,39,36,27,33,8,276,8.0
4,2.0,1047.0,1470000,-36.9188242,174.9314074,7009263,33,27,15,30,21,42,2,168,2.0
5,3.0,375.0,1400000,-36.90441129999999,174.80423190000002,7006032,72,81,60,36,33,27,9,306,8.0
3,2.0,474.0,1250000,-36.905958700000006,174.8045209,7006032,72,81,60,36,33,27,1,306,8.0
7,2.0,2931.0,1600000,-37.0513811,174.861198,7009435,72,42,24,36,33,39,8,246,9.0
3,2.0,261.0,1240000,-36.889430499999996,174.8342189,7006345,66,48,54,33,39,39,5,273,1.0
3,1.0,462.0,860000,-36.921234000000005,174.7544716,7007731,48,48,33,24,33,36,14,222,6.0
5,3.0,701.0,2450000,-36.868096200000004,174.8061183,7005969,45,24,15,27,36,33,59,174,1.0
3,2.0,400.0,880000,-36.938385600000004,174.90999309999998,7009036,42,12,24,21,18,18,4,135,5.0
4,2.0,550.0,780000,-36.791673200000005,174.6900185,7002447,42,27,36,18,12,12,6,147,3.0
5,2.0,650.0,950000,-37.05305070000001,174.92289350000001,7009985,27,27,18,27,36,45,12,174,2.0
4,1.0,140.0,775000,-36.8690454,174.61978919999999,7003702,42,18,15,27,24,24,4,153,8.0
3,2.0,137.0,870000,-36.866926299999996,174.8451884,7006419,54,27,21,39,27,45,29,216,3.0
4,1.0,160.0,830000,-36.885174,174.6509948,7004159,66,51,33,24,24,27,10,228,7.0
4,2.0,922.0,860000,-36.8993074,174.6348866,7004028,102,39,45,36,15,36,6,279,8.0
3,2.0,114.0,725000,-36.9006722,174.6350647,7004028,102,39,45,36,15,36,6,279,8.0
5,3.0,686.0,1735000,-36.8360926,174.66037790000001,7004203,39,27,24,15,27,15,10,147,1.0
3,1.0,1012.0,850000,-36.9085972,174.6380186,7007167,63,36,42,36,27,30,6,231,9.0
5,3.0,470.0,1400000,-36.886992299999996,175.0062139,7007066,60,9,18,48,21,30,6,180,1.0
5,3.0,490.0,1350000,-36.88756729999999,175.00612980000002,7007066,60,9,18,48,21,30,6,180,1.0
5,2.0,569.0,980000,-36.6122979,174.6567144,7001403,36,12,9,27,15,27,2,129,4.0
4,2.0,550.0,1025000,-37.0779534,174.9188179,7009928,201,99,168,114,81,120,14,789,1.0
3,2.0,220.0,810000,-37.077566100000006,174.9201295,7009928,201,99,168,114,81,120,14,789,1.0
5,3.0,404.0,1250000,-36.964403499999996,174.927909,7009304,69,42,60,30,24,30,25,255,1.0
3,1.0,154.0,820000,-36.9337122,174.9080707,7009025,30,18,36,21,12,12,4,123,5.0
3,1.0,952.0,670000,-36.858717799999994,174.599451,7003540,57,27,30,18,12,15,12,159,9.0
4,2.0,1074.0,3200000,-36.8700679,174.7703548,7005559,33,27,24,9,39,54,23,183,1.0
4,2.0,161.0,860000,-36.795950700000006,174.65593,7002301,51,36,57,18,6,12,7,174,1.0
3,1.0,473.0,2275000,-36.8474028,174.7324135,7004901,57,21,15,30,15,18,5,153,4.0
4,2.0,170.0,920000,-36.7875914,174.7224742,7002794,39,36,36,18,30,48,6,198,5.0
4,2.0,689.0,1075000,-36.895269299999995,174.7006602,7004406,12,9,12,21,15,48,23,117,8.0
3,1.0,348.0,1025000,-36.895269299999995,174.7006602,7004406,12,9,12,21,15,48,23,117,8.0
4,2.0,15230.0,1325000,-36.7338896,174.456874,7001370,36,12,9,24,21,18,5,123,2.0
4,2.0,260.0,1275000,-36.8465434,174.5210115,7003415,24,12,9,21,12,27,3,111,3.0
2,1.0,106.0,740000,-36.91975720000001,174.7118763,7007570,0,3,0,3,0,231,19,243,7.0
5,3.0,310.0,1525000,-36.752773299999994,174.7608761,7003148,57,21,27,27,27,27,1,177,2.0
3,1.0,345.0,990000,-36.7663399,174.7477823,7003063,57,48,42,33,24,15,1,219,6.0
4,2.0,523.0,1225000,-36.911034,174.7241676,7007593,24,15,12,12,18,33,26,123,4.0
3,1.0,616.0,985000,-36.8813662,174.7009228,7004492,42,51,45,33,15,12,4,198,4.0
4,2.0,1012.0,960000,-37.2203656,174.894608,7010519,24,12,9,12,24,27,13,108,2.0
4,3.0,600.0,820000,-37.0520531,174.8876043,7009719,57,18,30,18,24,39,6,186,6.0
3,1.0,120.0,780000,-37.0000106,174.900693,7009752,72,27,42,36,21,36,4,231,4.0
3,2.0,703.0,1380000,-36.887670799999995,174.89325669999997,7006719,54,21,27,36,24,60,4,216,2.0
4,2.0,984.0,720000,-37.020317,174.9003727,7009781,39,27,21,24,21,21,37,150,5.0
3,2.0,386.0,540000,-36.848476700000006,174.6098376,7003657,36,33,27,15,15,15,15,144,9.0
4,3.0,222.0,1800000,-36.8736187,174.782018,7005727,18,42,33,9,12,15,59,129,5.0
3,2.0,170.0,940000,-36.8780671,174.7776435,7005577,21,21,21,9,15,6,23,90,6.0
3,2.0,400.0,940000,-36.788751700000006,174.69266090000002,7002422,60,18,42,39,24,33,6,210,4.0
3,1.0,152.0,1160000,-36.8725755,174.8199281,7006072,72,15,33,33,24,48,59,219,1.0
3,3.0,922.0,1650000,-36.8113451,174.71582800000002,7004545,30,30,27,27,24,48,2,189,6.0
4,3.0,428.0,960000,-36.6170889,174.7922216,7001695,60,15,21,33,33,63,9,225,6.0
4,1.0,5088.0,1900000,-36.6083432,174.8071064,7001715,36,6,9,18,33,39,3,141,1.0
4,3.0,523.0,570000,-37.2380653,175.012596,7011028,9,18,12,6,21,18,1,87,1.0
4,2.0,507.0,850000,-37.257721999999994,174.9388626,7010975,72,27,18,24,27,6,7,177,8.0
2,1.0,70.0,670000,-36.898975899999996,174.9106721,7006853,33,18,12,12,21,33,9,132,7.0
3,2.0,167.0,1650000,-36.8728739,174.8072187,7005981,39,12,12,24,21,24,59,123,2.0
4,2.0,956.0,990000,-36.902183,174.7117372,7004659,66,60,42,30,24,24,10,255,7.0
3,1.0,822.0,990000,-36.773546200000006,174.7230032,7002759,27,15,33,15,9,15,6,117,6.0
4,1.0,613.0,650000,-37.0279286,174.86182230000003,7009491,96,27,42,15,15,24,5,219,10.0
2,1.0,814.0,750000,-36.8458463,174.60943480000003,7003531,45,36,30,27,18,21,15,171,9.0
3,1.0,718.0,650000,-36.954143,174.83870280000002,7008379,66,48,36,30,21,36,10,240,10.0
3,1.0,1358.0,1820000,-36.8788108,174.69515019999997,7004376,33,21,33,36,30,21,4,174,2.0
2,1.0,365.0,1175000,-36.8953984,174.7989407,7005916,30,42,33,12,6,24,4,141,6.0
3,2.0,314.0,1140000,-36.89394,174.84338449999998,7006363,48,15,30,36,9,21,18,159,5.0
4,2.0,872.0,1245000,-36.8842814,175.0094947,7007062,48,3,15,30,12,9,6,105,1.0
3,2.0,388.0,680000,-36.8218485,174.6252384,7003777,39,30,21,15,15,9,7,129,8.0
5,3.0,416.0,2300000,-36.8603424,174.8532553,7006416,48,12,24,30,18,39,29,177,3.0
4,3.0,254.0,2175000,-36.8846936,174.7175628,7004622,36,21,24,30,18,24,9,147,5.0
4,3.0,254.0,2775000,-36.8846936,174.7175628,7004622,36,21,24,30,18,24,9,147,5.0
6,3.0,602.0,6400000,-36.8699368,174.78892050000002,7005846,36,6,6,18,21,30,59,129,1.0
3,2.0,742.0,950000,-36.8734548,174.5973287,7003490,36,27,21,24,27,36,12,171,3.0
3,2.0,186.0,900000,-36.9201159,174.75969609999999,7007767,78,42,54,36,30,42,14,270,5.0
4,3.0,204.0,640000,-36.963376700000005,174.82711930000002,7008282,69,36,15,21,12,15,9,165,9.0
4,3.0,204.0,640000,-36.963376700000005,174.82711930000002,7008282,69,36,15,21,12,15,9,165,9.0
4,2.0,902.0,2450000,-36.8686782,174.8757624,7006644,39,15,9,27,30,27,10,141,2.0
3,1.0,921.0,1600000,-36.8687323,174.87550480000002,7006644,39,15,9,27,30,27,2,141,2.0
3,1.0,714.0,1450000,-36.866313500000004,174.7172836,7004584,63,21,21,36,33,18,1,189,3.0
5,3.0,1501.0,1730000,-36.934496700000004,175.1875645,7007094,15,15,3,15,36,33,1,120,3.0
4,2.0,2566.0,1250000,-37.18291970000001,174.82619509999998,7010325,90,21,63,48,27,48,2,291,1.0
4,2.0,695.0,930000,-37.185345299999994,174.82719430000003,7010325,90,21,63,48,27,48,2,291,1.0
3,1.0,150.0,710000,-36.915392600000004,174.6740353,7007358,57,42,27,33,24,33,10,207,8.0
4,2.0,133.0,1280000,-36.8817233,174.74389299999999,7004990,57,30,15,27,30,15,5,174,6.0
2,1.0,359.0,1400000,-36.871350799999995,174.75929430000002,7005389,30,27,39,21,6,12,26,141,6.0
4,2.0,400.0,1800000,-36.85468770000001,174.8386994,7006292,33,6,12,18,21,36,5,132,1.0
3,2.0,1618.0,1080000,-36.7933277,175.0791116,7003392,39,9,24,21,24,51,2,171,6.0
4,2.0,253.0,720000,-37.001727100000004,174.9036267,7009753,45,33,24,21,30,30,4,186,4.0
4,2.0,2856.0,1270000,-36.931383600000004,174.63750880000003,7007210,54,12,15,30,24,18,12,153,2.0
7,4.0,399.0,1450000,-36.968270000000004,174.9306696,7009312,126,72,90,51,36,42,25,414,5.0
4,2.0,115.0,1000000,-36.9011595,174.7359376,7005056,57,36,30,18,15,24,6,183,9.0
3,3.0,635.0,710000,-37.020591499999995,174.8684589,7009455,96,39,21,33,15,21,37,225,10.0
4,2.0,600.0,1055000,-36.759316299999995,174.71186469999998,7002590,66,33,39,27,42,51,1,255,2.0
5,2.0,883.0,1560000,-36.87510579999999,174.91412340000002,7006877,30,15,12,18,39,45,2,162,3.0
3,2.0,130.0,720000,-36.8563101,174.730722,7004733,21,39,39,21,21,12,10,156,5.0
5,5.0,659.0,1750000,-36.6050069,174.6740986,7001456,66,21,21,33,18,18,6,174,3.0
5,4.0,557.0,1675000,-36.681093100000005,174.73887919999999,7001929,27,12,21,21,12,21,6,117,2.0
5,4.0,608.0,2075000,-36.685947600000006,174.7427924,7001929,27,12,21,21,12,21,6,117,2.0
4,1.0,862.0,1000000,-36.79001470000001,175.02728390000001,7003355,30,24,15,24,21,24,5,144,4.0
3,1.0,1055.0,830000,-36.7893761,175.0281423,7003355,30,24,15,24,21,24,5,144,4.0
3,2.0,402.0,710000,-36.9114342,174.6378628,7007169,57,18,36,33,15,18,6,174,7.0
3,1.0,701.0,1425000,-36.8718357,174.7366601,7004963,48,54,51,27,12,12,3,201,5.0
3,2.0,256.0,3275000,-36.8807382,174.7981463,7005843,12,12,6,9,15,33,59,87,1.0
3,1.0,285.0,880000,-36.8815435,174.8228154,7006221,36,27,27,24,9,33,59,168,3.0
5,4.0,452.0,1175000,-36.580596899999996,174.6722249,7001429,36,6,12,27,18,33,11,141,1.0
2,1.0,605.0,640000,-36.871876,174.5890894,7003489,66,21,33,27,6,9,5,153,10.0
3,1.0,1343.0,1335000,-36.8930616,174.6863771,7004336,66,42,33,27,21,21,23,216,9.0
5,3.0,766.0,965000,-37.093205600000005,174.9445781,7010149,87,45,57,45,30,45,2,312,2.0
4,1.0,1437.0,920000,-36.769887100000005,174.5509508,7002193,30,12,12,18,15,15,2,108,1.0
4,2.0,702.0,1150000,-36.762716299999994,174.5340476,7002170,84,30,54,36,42,42,4,291,1.0
4,2.0,451.0,1260000,-36.9270196,174.6492794,7007264,75,18,18,51,33,24,12,228,1.0
2,2.0,123.0,18000000,-36.8927725,174.77979109999998,7005755,3,9,15,6,15,21,23,60,4.0
5,4.0,505.0,1600000,-36.8931018,174.8022017,7006015,33,18,24,30,30,21,9,150,7.0
4,2.0,221.0,720000,-36.982632,174.796744,7008064,123,51,48,27,24,21,5,300,9.0
4,2.0,214.0,1250000,-36.798371200000005,174.64743,7002267,60,66,60,24,24,18,7,252,2.0
4,2.0,191.0,530000,-36.798371200000005,174.64743,7002267,60,66,60,24,24,18,7,252,2.0
4,2.0,245.0,1100000,-36.798371200000005,174.64743,7002267,60,66,60,24,24,18,7,252,2.0
2,1.0,80.0,580000,-36.9718136,174.8320786,7008292,54,30,39,15,27,39,9,201,8.0
3,2.0,1528.0,770000,-36.9772792,174.63167719999998,7007165,27,3,18,30,15,12,2,108,2.0
1,1.0,54.0,560000,-36.8466718,174.75996809999998,7005288,6,63,60,18,18,18,10,183,4.0
4,1.0,2342.0,1360000,-36.9586578,174.6493112,7007292,36,15,9,21,21,33,12,138,2.0
3,1.0,1884.0,720000,-36.8745465,174.550974,7003426,33,24,15,24,39,36,5,156,4.0
4,2.0,847.0,2000000,-36.891025799999994,174.92200649999998,7006898,45,27,24,24,42,45,9,210,2.0
5,3.0,1629.0,2300000,-36.890492,174.9226706,7006898,45,27,24,24,42,45,9,210,2.0
3,1.0,293.0,700000,-36.9294147,174.7245278,7007635,66,45,39,30,24,27,3,222,5.0
6,4.0,409.0,1375000,-36.9761204,174.9157279,7009087,117,81,90,60,27,39,25,423,2.0
4,2.0,650.0,870000,-36.8948354,174.8591483,7006591,21,9,15,3,24,12,3,87,10.0
4,2.0,815.0,1425000,-36.885200700000006,174.98930009999998,7007031,57,12,6,45,30,33,6,177,1.0
4,3.0,275.0,1825000,-36.8400283,174.7420513,7004858,12,24,36,15,27,45,5,159,2.0
3,1.0,1300.0,3600000,-36.8402456,174.7421394,7004858,12,24,36,15,27,45,5,159,2.0
3,2.0,179.0,1575000,-36.8659995,174.7375053,7004944,30,33,33,18,15,15,10,135,2.0
3,1.0,89.0,410000,-36.6143145,174.8032398,7001718,36,21,30,24,21,36,9,165,8.0
4,2.0,644.0,1100000,-36.9593057,174.9341799,7009287,108,39,72,69,30,33,25,351,2.0
5,3.0,539.0,1225000,-36.9595355,174.93410569999998,7009287,108,39,72,69,30,33,25,351,2.0
3,1.0,451.0,640000,-36.8495702,174.6102219,7003661,57,21,36,21,15,18,15,168,7.0
3,2.0,1006.0,870000,-36.7925349,174.6953357,7002430,48,21,24,30,18,21,6,168,8.0
3,2.0,809.0,1325000,-36.8906925,174.93480780000002,7006944,27,9,12,12,12,45,5,117,3.0
3,1.0,80.0,500000,-36.9624846,174.793161,7008027,93,39,18,24,24,24,5,225,10.0
3,1.0,556.0,1950000,-36.862159399999996,174.74280919999998,7004935,33,39,39,21,27,9,10,165,4.0
5,2.0,471.0,2075000,-36.8632281,174.7416011,7004935,33,39,39,21,27,9,10,165,4.0
4,3.0,195.0,1450000,-36.8589527,174.7800434,7005693,30,51,48,21,15,15,8,180,5.0
4,2.0,1603.0,740000,-37.0793779,175.0703464,7010283,57,30,24,27,21,39,2,207,3.0
4,2.0,574.0,1000000,-37.052032000000004,174.87727890000002,7009609,117,36,69,57,51,42,6,381,3.0
3,1.0,89.0,420000,-36.8549925,174.643131,7003952,45,30,21,21,18,21,10,156,7.0
4,1.0,814.0,840000,-36.855803,174.642841,7003952,45,30,21,21,18,21,10,156,7.0
3,1.0,90.0,600000,-36.8547334,174.643806,7003952,45,30,21,21,18,21,10,156,7.0
3,1.0,80.0,450000,-37.0165899,174.8721467,7009446,75,54,24,27,15,30,37,228,9.0
5,3.0,581.0,1100000,-36.5815524,174.6899519,7001488,24,12,9,12,15,36,11,111,7.0
2,1.0,79.0,820000,-36.8791334,174.8226494,7006220,33,24,27,30,6,18,59,132,4.0
3,1.0,360.0,660000,-36.952785,174.803846,7008085,57,24,27,18,21,27,3,177,10.0
5,2.0,650.0,1325000,-36.9230544,174.9049592,7009011,39,27,30,21,27,27,1,171,2.0
4,2.0,675.0,1150000,-36.8975677,174.9186666,7006910,48,33,30,21,24,21,9,177,6.0
4,3.0,150.0,990000,-36.802913700000005,174.73397649999998,7002962,27,15,36,18,15,30,1,147,2.0
5,3.0,315.0,1100000,-36.7905871,174.61712250000002,7002238,66,162,63,24,12,21,1,351,3.0
2,2.0,103.0,750000,-36.8637961,174.7559946,7005364,15,57,72,18,6,6,2,174,4.0
4,3.0,450.0,1280000,-36.889838700000006,174.91784769999998,7006891,39,12,18,21,33,30,6,150,3.0
3,2.0,140.0,900000,-36.709942299999994,174.740653,7002059,36,33,33,30,30,51,3,207,3.0
4,2.0,974.0,1380000,-36.859434,174.90194440000002,7006767,33,12,9,21,30,30,6,138,6.0
3,2.0,178.0,1195000,-36.9193537,174.8890656,7008816,75,39,51,30,27,33,5,258,6.0
3,2.0,1077.0,1025000,-36.887128499999996,174.69160290000002,7004332,33,30,24,27,12,18,23,147,7.0
4,1.0,550.0,850000,-36.8874761,174.6913819,7004332,33,30,24,27,12,18,23,147,7.0
4,3.0,417.0,1260000,-36.9002271,174.9206737,7006919,30,15,12,15,18,57,9,147,6.0
3,1.0,80.0,500000,-37.0172609,174.88889269999999,7009658,78,90,48,24,24,30,37,291,9.0
5,4.0,1047.0,3000000,-36.6246261,174.80340859999998,7001722,27,18,27,12,9,33,9,129,1.0
4,2.0,576.0,1900000,-36.855118100000006,174.82824440000002,7006174,39,15,27,33,18,42,11,171,2.0
3,1.0,335.0,540000,-36.8444566,174.6231946,7003825,57,24,24,30,15,12,15,165,10.0
3,1.0,80.0,480000,-36.973832,174.8415098,7008409,63,39,39,21,15,12,29,189,9.0
3,1.0,70.0,490000,-36.9799062,174.8256274,7008227,60,30,27,21,12,27,5,177,10.0
4,1.0,129.0,1775000,-36.8950614,174.71025649999999,7004514,33,21,15,27,15,21,9,126,3.0
3,1.0,80.0,500000,-36.9733379,174.7957699,7008037,96,27,39,33,27,24,5,249,9.0
3,1.0,495.0,690000,-36.919883899999995,174.66132109999998,7007316,24,6,24,15,6,15,12,105,5.0
4,2.0,848.0,890000,-37.01195560000001,174.9131413,7009845,45,39,24,21,36,27,37,195,4.0
2,1.0,90.0,630000,-36.8170459,174.7326281,7004846,24,18,15,15,30,30,3,135,2.0
3,1.0,86.0,490000,-36.9018811,174.75893530000002,7005469,9,21,15,18,3,42,6,111,7.0
4,4.0,697.0,1425000,-36.8988174,174.74959219999997,7005232,24,33,27,15,12,9,26,117,7.0
5,5.0,415.0,2300000,-36.725024700000006,174.7481043,7002080,48,39,24,30,33,27,2,198,2.0
3,1.0,73.0,650000,-36.9028184,174.709662,7004527,45,30,30,21,21,24,10,168,7.0
3,1.0,90.0,495000,-37.0155102,174.87758159999998,7009543,66,45,27,12,27,30,37,198,10.0
5,4.0,740.0,2625000,-36.8754184,174.8349235,7006333,45,24,6,33,27,39,7,171,1.0
5,2.0,809.0,1100000,-36.96529879999999,174.85797340000002,7008515,78,63,60,27,30,48,29,306,7.0
5,3.0,1310.0,3900000,-36.8735266,174.7670636,7005561,90,33,12,15,27,45,23,219,2.0
4,3.0,303.0,1160000,-36.83828270000001,174.65450969999998,7004216,39,12,24,24,12,24,10,138,7.0
3,1.0,675.0,980000,-36.8384958,174.65464369999998,7004216,39,12,24,24,12,24,10,138,7.0
4,2.0,502.0,1150000,-36.81402620000001,174.6412919,7002280,60,36,18,36,42,36,7,213,1.0
3,1.0,80.0,580000,-36.9273044,174.8495935,7008448,57,45,33,21,18,21,18,195,10.0
3,1.0,353.0,1450000,-36.9773939,174.87510680000003,7008765,33,39,21,12,21,3,29,135,10.0
5,3.0,325.0,660000,-36.98017120000001,174.9361137,7009314,21,18,9,15,6,6,25,78,7.0
7,5.0,398.0,700000,-36.9766548,174.9241208,7009314,21,18,9,15,6,6,25,78,7.0
7,5.0,428.0,1475000,-36.9806461,174.9295512,7009314,21,18,9,15,6,6,25,78,7.0
5,4.0,325.0,660000,-36.9794367,174.9359015,7009314,21,18,9,15,6,6,25,78,7.0
5,4.0,325.0,660000,-36.979867299999995,174.935215,7009314,21,18,9,15,6,6,25,78,7.0
4,2.0,180.0,1625000,-36.873373,174.79337560000002,7005832,57,27,15,18,30,27,59,180,4.0
5,3.0,632.0,4650000,-36.845758200000006,174.745697,7005079,30,15,24,36,39,51,5,198,2.0
3,1.0,383.0,750000,-36.8200841,174.6256524,7003775,69,21,42,18,9,6,7,162,8.0
3,2.0,391.0,2125000,-36.868233000000004,174.7830276,7005719,24,24,18,18,24,12,59,123,1.0
3,2.0,314.0,280000,-37.2066601,174.88451919999997,7010468,87,60,81,45,39,42,13,345,5.0
4,2.0,556.0,740000,-36.414085799999995,174.7242024,7001328,57,15,27,33,30,105,2,261,5.0
3,2.0,810.0,810000,-36.4148331,174.7238749,7001328,57,15,27,33,30,105,2,261,5.0
6,3.0,852.0,1325000,-36.6026993,174.802068,7001700,45,15,24,33,39,54,3,210,1.0
3,1.0,141.0,1300000,-36.8531726,174.82464330000002,7006154,27,24,24,15,18,24,13,135,5.0
4,1.0,808.0,840000,-37.049152500000005,174.9108138,7009903,33,15,12,15,21,33,4,132,3.0
5,3.0,1148.0,4000000,-36.8685549,174.8798402,7006673,45,15,9,27,21,45,10,165,2.0
3,2.0,985.0,1425000,-37.2612474,174.93893880000002,7010984,30,12,15,18,15,27,7,117,5.0
4,2.0,433.0,670000,-37.262183,174.9402622,7010984,30,12,15,18,15,27,7,117,5.0
4,3.0,628.0,1650000,-36.8958961,174.82036530000002,7006127,39,27,27,30,15,12,9,147,5.0
4,2.0,809.0,1425000,-36.8871669,174.92818369999998,7006939,39,15,15,18,33,45,5,159,3.0
3,1.0,392.0,530000,-37.1970898,174.90051730000002,7010357,45,27,33,15,24,39,13,180,9.0
5,4.0,1272.0,4300000,-36.8648621,174.7985754,7005821,39,18,12,18,30,30,59,150,4.0
4,3.0,408.0,920000,-36.8281956,174.6150304,7003619,84,51,69,60,36,39,15,333,2.0
2,2.0,80.0,700000,-36.8516708,174.7560052,7005291,57,270,138,30,15,18,10,522,8.0
2,2.0,80.0,430000,-36.8516708,174.7560052,7005291,57,270,138,30,15,18,10,522,8.0
4,1.0,969.0,670000,-36.970082,174.80525580000003,7008126,42,27,12,12,12,9,5,114,10.0
4,2.0,101.0,900000,-36.904331799999994,174.68384419999998,7004358,33,60,45,24,27,36,10,225,8.0
4,2.0,122.0,920000,-36.904331799999994,174.68384419999998,7004358,33,60,45,24,27,36,10,225,8.0
4,2.0,176.0,940000,-36.904331799999994,174.68384419999998,7004358,33,60,45,24,27,36,10,225,8.0
4,2.0,101.0,900000,-36.904331799999994,174.68384419999998,7004358,33,60,45,24,27,36,10,225,8.0
4,2.0,405.0,500000,-36.9530178,174.813736,7008092,72,27,15,24,18,6,3,162,9.0
3,2.0,108.0,1000000,-36.974782,174.8565882,7008640,63,72,42,30,21,48,29,279,7.0
7,2.0,2410.0,600000,-37.049080100000005,174.93472769999997,7010037,54,42,33,21,15,24,12,192,9.0
3,2.0,89.0,2075000,-36.8604806,174.8216994,7006043,36,24,27,18,27,39,13,171,10.0
4,2.0,943.0,1790000,-36.8899244,174.9359161,7006986,54,18,15,33,24,39,5,186,2.0
3,1.0,685.0,1260000,-36.8829671,174.81212240000002,7006096,48,24,24,39,27,27,59,195,4.0
4,2.0,214.0,1360000,-36.8832505,174.811194,7006096,48,24,24,39,27,27,59,195,4.0
3,1.0,1445.0,640000,-37.257248,174.7348917,7010436,54,15,21,24,24,36,4,171,7.0
6,3.0,622.0,1150000,-36.9865073,174.9049914,7008990,60,45,42,33,24,18,25,213,7.0
5,4.0,1998.0,7000000,-36.863985,174.8519671,7006417,51,27,9,21,42,51,29,192,1.0
5,4.0,818.0,3600000,-36.862909,174.85108369999998,7006417,51,27,9,21,42,51,29,192,1.0
4,3.0,399.0,1175000,-36.9257759,174.74583940000002,7007739,66,57,63,24,33,54,26,297,8.0
8,4.0,990.0,1250000,-36.926492100000004,174.74812980000002,7007739,66,57,63,24,33,54,26,297,8.0
5,3.0,842.0,1125000,-36.9254157,174.7467049,7007739,66,57,63,24,33,54,26,297,8.0
3,1.0,875.0,835000,-36.867483299999996,174.62131069999998,7003862,54,30,27,27,15,21,4,183,9.0
3,1.0,406.0,1450000,-36.8895914,174.7520841,7005203,36,27,21,27,12,24,26,150,4.0
3,2.0,187.0,2750000,-36.855511299999996,174.78838090000002,7005662,42,24,27,27,21,57,8,195,1.0
3,2.0,402.0,1050000,-36.893851700000006,174.92262019999998,7006905,21,18,3,15,15,24,9,96,3.0
2,1.0,71.0,560000,-36.9795206,174.87921210000002,7008768,33,21,21,18,12,21,29,126,8.0
4,1.0,690.0,650000,-36.964788899999995,174.8096399,7008118,69,15,27,30,15,12,9,168,10.0
3,1.0,825.0,765000,-36.992290600000004,174.858979,7009405,30,30,12,12,3,6,29,105,8.0
4,1.0,818.0,550000,-37.028742,174.8752312,7009580,84,39,33,27,21,24,37,222,10.0
3,1.0,90.0,490000,-37.037966100000006,174.9289185,7010014,75,36,24,30,24,24,12,225,10.0
3,1.0,842.0,830000,-36.8972398,174.6707393,7004279,54,24,24,27,33,24,2,183,6.0
4,2.0,761.0,1575000,-36.618976,174.7738847,7001676,30,6,15,12,18,30,2,111,4.0
2,1.0,755.0,960000,-36.618976,174.7738847,7001676,30,6,15,12,18,30,2,111,4.0
3,1.0,602.0,1550000,-36.864796999999996,174.73345890000002,7004943,21,54,33,21,15,24,10,174,7.0
3,1.0,658.0,695000,-36.7950265,174.69399840000003,7002434,48,15,12,18,15,9,6,117,8.0
5,2.0,880.0,1875000,-36.8703363,174.8294094,7006191,21,9,12,15,18,27,4,102,1.0
4,3.0,1750.0,6500000,-36.8661752,174.84977959999998,7006420,42,21,12,21,39,39,29,174,1.0
4,3.0,1531.0,3550000,-36.86712120000001,174.8476095,7006420,42,21,12,21,39,39,29,174,1.0
3,1.0,675.0,540000,-37.0267161,174.88453619999999,7009670,72,36,24,18,15,18,37,177,10.0
2,1.0,921.0,920000,-36.784985799999994,175.0462789,7003374,30,15,9,24,15,30,4,123,7.0
4,4.0,567.0,1750000,-37.062185,174.9214206,7009990,33,12,15,21,18,30,14,129,1.0
4,2.0,607.0,1300000,-36.888343400000004,174.8198618,7006114,42,12,36,24,12,33,9,153,3.0
4,1.0,1014.0,2550000,-36.8851289,174.9011172,7006814,54,9,18,30,36,51,4,201,4.0
4,3.0,734.0,1350000,-36.8891292,174.89535880000003,7006723,51,21,18,30,21,21,4,162,5.0
5,4.0,336.0,545000,-36.801329100000004,174.666149,7002304,33,30,24,15,12,18,7,135,4.0
5,3.0,244.0,2325000,-37.0310912,174.8725122,7009582,90,33,24,21,21,3,37,192,10.0
4,2.0,594.0,1100000,-36.939972,174.9131935,7009039,33,18,15,27,12,21,4,126,4.0
4,2.0,784.0,1825000,-36.8785526,174.736405,7004975,27,66,72,30,12,18,5,228,3.0
5,3.0,202.0,1450000,-36.988448999999996,174.84477080000002,7009388,63,39,36,9,15,6,29,168,10.0
4,2.0,469.0,1725000,-36.8678378,174.80235969999998,7005966,45,30,15,24,21,27,59,168,2.0
3,1.0,690.0,1150000,-36.89801,174.89069540000003,7006699,45,12,15,33,12,15,2,135,3.0
3,2.0,238.0,2450000,-36.8570908,174.8502488,7006413,36,18,9,21,27,66,29,174,3.0
3,2.0,1191.0,2100000,-37.065132899999995,174.9140949,7009923,30,18,18,21,27,30,14,147,1.0
4,3.0,572.0,1550000,-37.06610560000001,174.91237180000002,7009923,30,18,18,21,27,30,14,147,1.0
2,1.0,5210.0,730000,-36.6792597,174.4379383,7001365,39,24,18,24,27,30,5,162,4.0
4,2.0,450.0,1125000,-36.8005504,174.6451824,7002271,12,12,9,6,9,75,7,129,7.0
4,2.0,130.0,650000,-37.0144149,174.8894841,7009644,78,42,39,24,24,21,37,228,8.0
3,1.0,81.0,830000,-36.7285787,174.73024640000003,7002686,36,36,33,27,27,30,1,183,5.0
2,1.0,84.0,1060000,-36.8551765,174.81299669999999,7005958,15,27,12,6,30,27,13,120,3.0
4,2.0,417.0,1325000,-36.922951700000006,174.92284850000001,7009157,15,9,15,3,15,483,2,534,6.0
3,1.0,361.0,600000,-37.0383231,174.916708,7009911,51,36,24,18,6,18,12,150,7.0
4,2.0,5175.0,2300000,-36.7827438,175.0620241,7003376,39,21,15,30,24,60,4,189,1.0
5,2.0,174.0,1090000,-36.907443900000004,174.7156062,7004673,36,36,27,12,15,27,10,147,8.0
6,4.0,465.0,2075000,-37.201272700000004,174.8158397,7010456,42,15,18,27,21,33,1,150,5.0
3,1.0,110.0,530000,-37.0254779,174.899302,7009794,54,33,27,27,12,12,37,162,10.0
5,3.0,589.0,1130000,-37.008384899999996,174.9171628,7009942,48,36,27,21,27,24,4,183,3.0
4,2.0,451.0,835000,-36.9209739,174.6637504,7007315,42,21,21,24,21,21,12,150,6.0
6,3.0,1265.0,1690000,-37.0491615,174.89424590000002,7009717,42,21,18,15,12,42,6,150,5.0
3,1.0,100.0,612000,-36.8807816,174.6550089,7004150,48,24,39,21,24,33,10,189,9.0
5,3.0,1405.0,1100000,-36.776875700000005,174.717903,7002619,54,54,42,21,27,30,6,231,3.0
2,1.0,70.0,510000,-36.907872999999995,174.8431008,7008326,36,42,36,30,12,15,18,180,3.0
5,3.0,536.0,980000,-36.9657304,174.864446,7008619,45,24,30,15,18,6,29,141,8.0
5,2.0,819.0,3075000,-36.8794045,174.80698280000001,7005989,30,9,6,24,24,18,59,114,1.0
4,2.0,612.0,1000000,-36.608833399999995,174.6836301,7001514,48,3,12,33,15,24,5,132,1.0
5,4.0,354.0,1275000,-36.967034399999996,174.9359253,7009309,108,63,93,63,30,51,25,408,1.0
2,1.0,85.0,740000,-36.8520455,174.8302353,7006171,18,18,9,15,18,36,11,111,3.0
4,4.0,827.0,5300000,-36.853008700000004,174.8295425,7006171,18,18,9,15,18,36,11,111,3.0
5,3.0,479.0,2550000,-36.85383220000001,174.82258969999998,7006159,54,18,15,15,21,27,13,156,9.0
4,3.0,277.0,1725000,-36.8898532,174.81645880000002,7006118,48,33,48,30,18,27,9,204,3.0
4,3.0,543.0,3500000,-36.8462688,174.86509880000003,7006474,66,18,30,33,39,45,29,228,1.0
3,2.0,449.0,3100000,-36.8463819,174.8625265,7006474,66,18,30,33,39,45,29,228,1.0
1,1.0,70.0,445000,-37.0391848,174.8809426,7009597,120,42,42,27,27,33,8,291,10.0
2,2.0,809.0,750000,-37.0030833,174.573895,7007109,84,21,45,54,51,60,1,321,4.0
3,2.0,130.0,1575000,-36.89294,174.79404269999998,7005883,57,30,30,30,33,21,4,207,4.0
4,2.0,1055.0,1500000,-36.9278156,174.7295621,7007629,51,33,27,27,21,39,26,201,5.0
4,2.0,11759.0,1700000,-36.7114221,174.68332719999998,7001807,18,9,9,9,21,15,1,84,2.0
2,2.0,1051.0,1275000,-36.919146500000004,174.7643573,7007771,24,33,24,15,21,15,14,132,4.0
4,1.0,566.0,660000,-36.972631799999995,174.82683169999999,7008296,78,39,33,27,30,21,9,228,8.0
3,1.0,919.0,640000,-36.9117146,174.7022303,7007517,48,42,33,27,36,39,19,213,4.0
4,3.0,150.0,999000,-36.904061799999994,174.71738180000003,7004665,27,27,21,18,24,12,10,141,7.0
4,2.0,150.0,999000,-36.904061799999994,174.71738180000003,7004665,27,27,21,18,24,12,10,141,7.0
3,1.0,5638.0,580000,-36.177654700000005,175.3590697,7001130,39,9,18,24,24,42,4,153,9.0
3,2.0,373.0,820000,-36.9671685,174.8649469,7008620,45,30,27,21,18,15,29,165,9.0
4,4.0,603.0,3700000,-36.902012400000004,174.76128559999998,7005467,36,15,6,21,18,30,23,135,1.0
5,2.0,1203.0,660000,-36.9005066,174.7601404,7005467,36,15,6,21,18,30,26,135,1.0
3,3.0,541.0,1600000,-36.9017294,174.76061819999998,7005467,36,15,6,21,18,30,23,135,1.0
4,2.0,718.0,850000,-37.0756141,174.9473467,7010134,54,18,24,33,30,51,2,210,6.0
6,4.0,1284.0,4400000,-36.883145500000005,174.7933358,7005859,30,30,3,15,15,18,59,108,6.0
2,2.0,1232.0,1850000,-36.786035299999995,175.0185042,7003344,21,9,12,21,18,48,8,126,4.0
4,3.0,928.0,3550000,-36.873779799999994,174.7963636,7005837,66,12,3,33,45,36,59,198,1.0
3,1.0,90.0,540000,-37.0637794,174.9590698,7010192,81,48,45,27,30,27,19,261,9.0
4,2.0,872.0,900000,-36.9978874,174.9029335,7009748,45,36,24,24,39,42,4,207,3.0
4,2.0,782.0,1550000,-36.900187200000005,174.8813948,7006690,42,12,12,27,27,27,2,159,2.0
4,3.0,309.0,920000,-37.0817356,174.902696,7009834,21,0,6,21,12,15,14,75,5.0
5,3.0,480.0,1500000,-36.6902805,174.7422363,7002020,57,24,36,30,30,24,6,198,2.0
5,3.0,465.0,1450000,-36.6903871,174.7420748,7002020,57,24,36,30,30,24,6,198,2.0
5,4.0,488.0,610000,-36.8591469,174.81405619999998,7006054,24,15,18,18,18,33,13,126,6.0
1,1.0,4737.0,710000,-36.7852451,175.04199219999998,7003365,27,9,18,18,24,48,1,144,6.0
3,1.0,1464.0,1175000,-36.9798783,174.8691556,7008659,51,39,30,21,21,30,29,195,8.0
4,2.0,1019.0,1000000,-37.0098989,174.9140007,7009843,45,27,21,21,42,42,4,189,3.0
4,2.0,771.0,1030000,-37.0094625,174.9125187,7009843,45,27,21,21,42,42,4,189,3.0
3,2.0,874.0,840000,-36.97466970000001,174.83922130000002,7008422,39,30,30,9,9,9,29,120,9.0
4,2.0,1061.0,1025000,-36.6100686,174.78517490000002,7001688,45,12,15,27,30,51,9,171,2.0
3,2.0,985.0,1125000,-36.6990528,174.72989740000003,7001939,51,36,24,42,30,18,3,201,3.0
5,3.0,20226.0,2975000,-37.02897279999999,174.9313296,7010010,51,24,21,18,27,30,12,174,9.0
3,1.0,1292.0,5200000,-36.8455501,174.7296588,7004702,45,9,12,33,30,24,5,159,2.0
4,2.0,2861.0,1250000,-36.8978289,174.63568130000002,7004025,42,33,27,21,15,15,6,147,7.0
2,1.0,104.0,800000,-36.8748599,174.83010890000003,7006208,12,12,9,9,12,90,7,150,1.0
3,2.0,619.0,860000,-37.0439703,174.8906819,7009712,27,6,15,15,9,30,6,99,2.0
3,1.0,70.0,475000,-36.945907299999995,174.8425462,7008371,57,36,39,27,30,39,10,225,10.0
3,2.0,905.0,1175000,-36.945839,174.77864069999998,7007832,42,21,33,27,21,36,13,189,4.0
3,2.0,238.0,3375000,-36.8682435,174.80536919999997,7005964,27,15,3,12,24,30,59,105,5.0
5,4.0,274.0,1050000,-37.03813579999999,174.888505,7009698,102,24,27,21,9,15,6,201,10.0
3,2.0,714.0,640000,-37.0284281,174.9010774,7009799,36,36,24,18,9,21,37,138,9.0
3,1.0,675.0,580000,-37.0278558,174.9005844,7009799,36,36,24,18,9,21,37,138,9.0
3,1.0,607.0,1060000,-36.8746381,174.8487666,7006443,51,30,45,30,21,27,7,189,7.0
6,3.0,515.0,810000,-37.053133,174.9336381,7010041,84,45,21,21,21,33,12,231,10.0
5,3.0,208.0,350000,-37.0312948,174.8722419,7009479,69,30,24,15,18,9,37,156,10.0
4,2.0,382.0,2450000,-36.8587355,174.8300794,7006179,36,15,12,15,30,27,11,132,1.0
3,1.0,100.0,640000,-36.9163925,174.64256630000003,7007193,60,24,33,30,21,12,6,177,9.0
3,1.0,245.0,690000,-37.265020899999996,174.9412405,7010987,75,30,21,18,9,9,7,162,10.0
3,1.0,80.0,510000,-37.0140865,174.88496919999997,7009645,54,33,24,15,21,21,37,162,8.0
5,3.0,575.0,2575000,-36.8782757,174.8215358,7006083,39,18,27,21,21,33,59,162,1.0
5,3.0,698.0,2100000,-36.8778505,174.82160480000002,7006083,39,18,27,21,21,33,59,162,1.0
4,3.0,555.0,800000,-37.1911305,174.9089261,7010523,63,27,36,21,18,12,13,183,5.0
3,1.0,600.0,680000,-36.6858441,174.45112360000002,7001747,69,24,30,30,21,60,5,240,6.0
3,1.0,139.0,600000,-36.941888299999995,174.8549182,7008472,57,24,21,15,27,30,10,177,10.0
5,3.0,750.0,3430000,-36.8768054,174.9147934,7006879,48,30,9,27,39,24,2,171,4.0
5,2.0,490.0,2325000,-36.8624487,174.73665730000002,7004924,57,24,36,33,18,24,10,201,5.0
4,2.0,6024.0,1575000,-37.0061204,174.92768080000002,7009943,24,15,21,9,24,21,2,117,2.0
5,3.0,825.0,2475000,-36.8914695,174.92512380000002,7006948,39,18,15,12,36,39,9,159,3.0
3,1.0,451.0,760000,-36.900358600000004,174.67315990000003,7004283,39,36,30,24,24,33,10,183,8.0
4,2.0,845.0,670000,-37.0493626,174.8609495,7009527,60,21,30,9,18,27,8,162,10.0
4,3.0,1199.0,3275000,-36.872032899999994,174.7847161,7005726,36,18,6,15,24,30,59,132,1.0
4,2.0,181.0,2100000,-36.8590278,174.8653767,7006500,42,12,12,24,24,15,10,129,2.0
4,3.0,162.0,1600000,-36.8867384,174.76580269999997,7005433,54,54,21,30,27,39,23,231,3.0
4,3.0,773.0,400000,-36.608358200000005,174.7873188,7001687,39,21,15,27,27,39,9,162,3.0
5,3.0,8573.0,1725000,-36.6816528,174.6953589,7001813,51,27,12,30,45,30,3,201,2.0
4,2.0,4000.0,2275000,-36.6864257,174.69043330000002,7001813,51,27,12,30,45,30,3,201,2.0
3,2.0,954.0,1075000,-36.6348536,174.5530938,7001392,42,33,24,27,27,30,1,183,1.0
5,3.0,345.0,480000,-37.0426903,174.9515273,7010094,12,9,3,6,3,3,12,39,6.0
4,3.0,385.0,790000,-37.04132429999999,174.9495094,7010094,12,9,3,6,3,3,12,39,6.0
2,1.0,754.0,1300000,-36.902073,174.75079250000002,7005243,57,33,39,24,15,18,26,186,10.0
2,2.0,598.0,2100000,-36.858635,174.78779740000002,7005665,27,24,9,12,21,36,8,135,5.0
4,2.0,792.0,780000,-37.13667120000001,174.6983814,7010292,42,9,21,18,21,51,1,159,5.0
2,2.0,959.0,1700000,-36.809948799999994,175.0220949,7003348,21,3,9,18,18,45,5,117,1.0
3,1.0,756.0,1845000,-36.9412992,174.7691481,7007834,24,6,6,12,18,39,13,102,4.0
5,3.0,750.0,1250000,-36.8888495,174.9983924,7007052,126,51,66,72,42,48,6,402,1.0
1,1.0,809.0,740000,-36.793135299999996,175.02600680000003,7003359,36,27,15,24,33,45,5,183,8.0
2,1.0,1421.0,860000,-36.789125899999995,175.02286030000002,7003357,33,18,27,15,30,39,5,165,4.0
3,2.0,22240.0,1075000,-36.688849600000005,174.3881961,7001262,45,12,15,27,27,39,5,165,3.0
4,2.0,809.0,680000,-37.0233245,174.9085721,7009888,57,30,18,18,18,15,2,156,10.0
1,1.0,2141.0,740000,-36.1972824,175.4169211,7001131,27,6,6,18,39,60,4,156,9.0
5,3.0,3953.0,920000,-36.25789520000001,175.4364476,7001131,27,6,6,18,39,60,4,156,9.0
3,2.0,291.0,700000,-36.869014299999996,174.6066264,7003568,84,51,45,36,30,36,12,279,7.0
4,1.0,343.0,630000,-36.9673457,174.83407869999996,7008270,75,51,39,24,30,27,9,246,9.0
5,6.0,2268.0,6600000,-36.863925099999996,174.8532993,7006423,39,18,15,21,39,30,29,165,1.0
4,3.0,400.0,450000,-36.7912775,174.71894319999998,7002649,60,30,33,36,15,27,6,210,4.0
3,2.0,200.0,570000,-37.019332,174.8739419,7009554,66,33,33,24,21,21,37,198,10.0
3,1.0,739.0,540000,-36.9655974,174.8862086,7008860,69,45,30,24,15,30,3,219,9.0
2,1.0,61.0,480000,-36.987429299999995,174.8611939,7009439,39,30,30,18,24,15,29,159,8.0
4,3.0,601.0,1850000,-36.8643558,174.8439233,7006309,63,24,27,42,39,42,29,240,2.0
3,2.0,171.0,2250000,-36.8493717,174.8326149,7006272,18,12,9,9,21,51,11,117,1.0
5,3.0,283.0,2600000,-36.8493109,174.8328969,7006272,18,12,9,9,21,51,11,117,1.0
5,3.0,323.0,2100000,-36.6664831,174.6389587,7001769,39,21,18,30,24,30,2,162,3.0
4,3.0,240.0,1975000,-36.811543799999995,175.0832685,7003389,30,9,18,27,39,42,4,168,4.0
4,5.0,641.0,6400000,-36.8290569,175.0742834,7003389,30,9,18,27,39,42,4,168,4.0
2,1.0,922.0,960000,-36.7854027,175.0075094,7003340,39,18,33,30,48,63,8,234,6.0
3,1.0,792.0,1105000,-36.913748999999996,174.7353069,7007657,63,42,30,21,24,24,26,207,10.0
5,2.0,679.0,690000,-37.2437086,174.7273132,7010407,36,15,21,21,21,36,4,150,5.0
2,1.0,67.0,530000,-36.9878469,174.8600802,7009438,36,27,24,15,21,12,29,135,8.0
4,1.0,1222.0,610000,-37.0675883,174.9563647,7010200,81,30,12,18,18,9,19,171,10.0
6,3.0,708.0,1625000,-36.691770700000006,174.74277450000002,7001930,78,48,54,39,36,45,6,297,3.0
4,2.0,313.0,1325000,-36.9676691,174.8347424,7008271,87,39,54,33,30,30,9,273,9.0
7,3.0,1276.0,2100000,-36.580704,174.6770554,7001431,42,30,9,24,30,42,11,177,2.0
6,4.0,607.0,6200000,-36.4745734,174.69341519999998,7001299,27,15,15,21,27,33,1,135,5.0
2,2.0,598.0,2025000,-36.8590062,174.7829378,7005692,18,21,24,15,15,27,8,126,4.0
6,4.0,384.0,5700000,-36.67639929999999,174.7214825,7001866,15,6,12,3,15,6,1,60,2.0
3,1.0,570.0,1950000,-36.9158546,174.89576530000002,7006765,42,15,27,21,15,27,5,147,3.0
5,3.0,252.0,930000,-36.97586389999999,174.8577844,7008548,30,60,24,12,12,18,29,156,6.0
3,3.0,1024.0,1300000,-36.8954544,174.93952990000003,7006998,36,9,12,18,21,36,4,135,4.0
1,1.0,675.0,970000,-36.710444700000004,174.7455523,7002061,27,27,21,15,42,60,2,195,4.0
4,2.0,726.0,1100000,-36.8204815,174.6343895,7003913,57,27,27,18,21,18,7,171,7.0
4,2.0,244.0,1625000,-36.801925,174.49926159999998,7002160,48,12,12,24,39,30,4,162,4.0
3,1.0,100.0,880000,-36.902310799999995,174.72873140000002,7004832,36,30,15,12,24,12,6,123,10.0
3,1.0,961.0,1725000,-36.9016281,174.7299846,7004832,36,30,15,12,24,12,6,123,10.0
4,3.0,1265.0,4110000,-36.693217499999996,174.7575555,7002104,30,24,12,18,36,54,3,174,1.0
2,1.0,1738.0,1400000,-36.928577399999995,174.7582314,7007781,45,21,18,18,27,36,14,165,2.0
3,2.0,236.0,1550000,-36.873544200000005,174.801453,7005847,27,33,24,18,27,18,59,156,3.0
3,2.0,260.0,610000,-37.0300709,174.8998782,7009802,60,48,33,27,21,18,37,216,9.0
3,1.0,1151.0,920000,-36.785718200000005,175.0278159,7003353,30,30,30,33,21,45,8,189,4.0
4,3.0,163.0,645000,-36.9081354,174.8899885,7008790,54,36,33,18,18,15,5,174,5.0
3,2.0,532.0,1300000,-36.6150797,174.67503080000003,7001459,0,0,0,0,0,0,6,21,8.0
4,2.0,1513.0,890000,-36.409687,174.6729053,7001308,42,15,9,21,15,27,3,132,1.0
2,1.0,806.0,580000,-36.798819200000004,175.0872079,7003394,42,9,18,21,27,42,2,156,6.0
17,8.0,1596.0,760000,-36.8836131,174.7388892,7004981,21,21,18,21,9,12,5,111,6.0
4,2.0,1143.0,875000,-36.88003629999999,174.6284291,7003883,36,15,21,15,24,30,4,132,9.0
5,3.0,253.0,890000,-37.020952799999996,174.8830479,7009650,87,48,36,24,27,15,37,234,9.0
2,1.0,70.0,815000,-36.8960262,174.6410939,7004018,57,36,39,21,24,24,6,204,8.0
4,3.0,812.0,1484100,-36.85290139999999,174.6487203,7004092,42,24,24,21,18,9,10,138,7.0
8,4.0,2362.0,1825000,-37.1861371,174.9915621,7010377,51,9,18,36,27,42,2,183,1.0
1,1.0,449.0,570000,-36.949429200000004,174.7751889,7007849,45,18,21,24,24,39,13,165,6.0
4,4.0,460.0,1325000,-36.949429200000004,174.7751889,7007849,45,18,21,24,24,39,13,165,6.0
4,2.0,466.0,1975000,-37.021203,174.8829829,7009561,69,39,45,33,21,39,37,252,9.0
2,1.0,105.0,990000,-36.883895,174.6970967,7004381,39,42,30,24,21,21,4,180,4.0
4,1.0,1088.0,810000,-36.9268505,174.8554719,7008455,42,30,15,21,15,27,18,153,10.0
3,2.0,170.0,670000,-36.8276749,174.64436469999998,7004043,60,33,33,30,30,30,10,219,5.0
3,1.0,1012.0,820000,-36.9706356,174.84338400000001,7008406,102,63,36,18,21,21,29,255,9.0
4,1.0,948.0,740000,-37.038321100000005,174.9206959,7009969,78,51,42,18,18,15,12,219,9.0
4,3.0,178.0,770000,-36.9708905,174.8513235,7008524,33,27,18,15,18,12,29,129,7.0
4,2.0,230.0,2050000,-37.1925446,174.9757129,7010369,45,21,12,21,39,21,2,153,2.0
3,2.0,1366.0,270000,-36.7195924,174.94956340000002,7001354,0,0,0,0,0,6,2,27,6.0
2,1.0,40.0,3250000,-36.7196717,174.9515235,7001354,0,0,0,0,0,6,2,27,6.0
3,2.0,184.0,920000,-36.5717005,174.6921667,7001471,45,27,12,39,42,57,2,228,2.0
4,3.0,188.0,1275000,-36.572094,174.69151000000002,7001471,45,27,12,39,42,57,2,228,2.0
5,1.0,1429.0,1355000,-36.9783779,174.87017790000002,7008654,54,36,33,21,12,24,29,180,8.0
3,2.0,57.0,530000,-36.956313200000004,174.8457959,7008385,66,42,39,15,12,12,10,189,9.0
2,1.0,1040.0,1080000,-36.8019237,175.1080146,7003396,24,3,6,12,27,27,4,111,5.0
4,3.0,343.0,830000,-36.60987670000001,174.7026638,7001550,48,15,15,27,27,69,5,195,2.0
5,2.0,11000.0,1080000,-36.8484597,174.7633315,7005277,15,63,36,6,12,0,10,138,8.0
4,2.0,396.0,545000,-36.864999299999994,174.6118191,7003697,36,33,12,27,18,15,12,144,9.0
6,3.0,809.0,910000,-36.8705171,174.55521930000003,7003433,33,24,24,18,36,15,5,144,1.0
2,1.0,70.0,500000,-36.970710700000005,174.86786519999998,7008631,15,30,21,9,18,15,29,111,9.0
6,4.0,1201.0,2550000,-36.9303095,174.9267783,7009277,57,24,21,24,48,51,2,222,1.0
5,4.0,450.0,1775000,-36.688455100000006,174.7460598,7002019,24,6,12,15,6,3,6,69,3.0
5,4.0,9107.0,2400000,-36.7700201,174.6594109,7001795,36,9,12,15,21,21,1,120,2.0
2,1.0,809.0,1120000,-36.7859279,175.0117572,7003343,27,18,30,24,12,21,8,126,3.0
5,3.0,394.0,560000,-37.024879299999995,174.893116,7009785,30,24,12,24,18,39,37,144,9.0
4,3.0,493.0,500000,-36.772106,174.5442431,7002186,27,27,30,15,18,21,2,138,4.0
5,3.0,305.0,2350000,-36.8781069,174.7990534,7005849,54,9,9,33,27,75,59,201,1.0
4,3.0,342.0,1500000,-36.944577100000004,174.7855209,7007919,63,27,24,27,27,39,13,207,6.0
5,3.0,411.0,500000,-37.0152994,174.9106502,7009853,33,18,27,18,24,39,37,165,3.0
5,3.0,491.0,520000,-37.0152994,174.9106502,7009853,33,18,27,18,24,39,37,165,3.0
2,1.0,1070.0,790000,-36.8423596,175.14598180000002,7003397,12,0,6,18,24,36,4,99,4.0
4,3.0,4019.0,1320000,-36.9599266,174.62746769999998,7007159,48,12,12,27,27,30,2,159,2.0
4,1.0,1115.0,1155000,-36.764640500000006,174.7228284,7002731,24,9,18,15,6,18,1,99,3.0
5,4.0,358.0,900000,-36.872083700000005,174.60459980000002,7003572,63,33,63,24,33,18,12,234,5.0
6,2.0,741.0,620000,-37.1974973,174.88973430000001,7010481,57,36,15,18,6,18,13,153,8.0
3,1.0,690.0,500000,-37.2593705,174.9463977,7011005,21,9,3,3,6,9,7,39,9.0
4,1.0,548.0,460000,-37.2593705,174.9463977,7011005,21,9,3,3,6,9,7,39,9.0
4,2.0,10000.0,1875000,-36.6849893,174.7068034,7001835,39,15,18,21,21,15,3,126,2.0
6,5.0,1083.0,2900000,-36.6159283,174.8048677,7001717,54,18,12,27,33,39,9,177,2.0
2,1.0,3488.0,650000,-36.7864177,175.0220042,7003342,24,24,21,39,27,39,8,180,5.0
2,2.0,1161.0,1200000,-36.7846297,175.0256175,7003342,24,24,21,39,27,39,8,180,5.0
5,3.0,560.0,980000,-36.996419,174.900078,7009739,27,36,15,15,30,33,3,162,5.0
6,4.0,5024.0,2350000,-36.9856753,174.9475179,7009346,90,42,27,45,75,45,25,321,2.0
3,1.0,15550.0,550000,-36.2287416,174.5458102,7001139,48,30,21,21,33,45,1,195,5.0
4,3.0,327.0,2200000,-36.9184693,174.6983382,7007478,39,33,24,24,33,63,19,219,3.0
3,2.0,151.0,510000,-36.61762879999999,174.7935301,7001696,72,21,30,60,33,45,9,258,3.0
2,1.0,56.0,460000,-36.8462653,174.7712726,7005510,24,96,51,18,18,27,10,234,7.0
3,2.0,259.0,920000,-36.7937824,174.6609445,7002295,45,24,48,15,6,12,7,147,2.0
5,3.0,985.0,1430000,-36.9321759,174.64532580000002,7007268,51,15,27,27,24,24,12,177,3.0
5,3.0,804.0,2000000,-36.9393167,174.9237217,7009186,168,66,72,69,90,84,2,543,1.0
4,2.0,400.0,860000,-36.7633771,174.5496311,7002191,54,21,24,30,24,36,4,189,3.0
3,1.0,696.0,980000,-36.874750299999995,174.8437367,7006325,45,51,33,27,24,36,7,210,8.0
4,3.0,1459.0,3175000,-36.85577429999999,174.83238469999998,7006173,39,15,12,18,21,36,11,147,1.0
5,3.0,305.0,2025000,-36.9316491,174.6961315,7007500,33,18,24,15,21,39,19,153,5.0
3,2.0,142.0,1550000,-36.8949982,174.7707909,7005621,48,30,27,33,27,21,23,192,4.0
4,3.0,741.0,1700000,-37.083594,174.91935159999997,7010004,102,33,54,60,48,36,14,333,1.0
5,3.0,553.0,1425000,-37.083399299999996,174.920226,7010004,102,33,54,60,48,36,14,333,1.0
2,1.0,70.0,505000,-36.89307279999999,174.63626090000002,7004016,60,30,33,24,21,39,6,201,9.0
3,1.0,859.0,560000,-37.026097,174.92365700000002,7009960,108,48,54,30,27,48,5,309,9.0
3,2.0,195.0,1825000,-36.8459057,174.7333068,7004875,15,21,27,24,27,66,5,174,3.0
4,3.0,305.0,2850000,-36.8517202,174.8523981,7006411,30,15,15,18,27,75,29,174,3.0
4,2.0,155.0,3375000,-36.983582500000004,174.9092662,7009103,99,84,90,30,18,18,25,336,6.0
4,2.0,183.0,810000,-36.983582500000004,174.9092662,7009103,99,84,90,30,18,18,25,336,6.0
2,1.0,830.0,850000,-36.8154295,175.0615949,7003383,42,15,21,33,36,60,2,216,7.0
4,2.0,1507.0,1200000,-36.7715362,174.4831794,7002146,39,9,33,18,21,24,2,141,1.0
4,2.0,194.0,1425000,-36.8754454,174.8215719,7006074,78,15,24,51,27,21,59,207,2.0
4,2.0,505.0,790000,-36.964149600000006,174.8227791,7008184,165,60,66,45,39,39,9,420,10.0
4,2.0,213.0,1050000,-37.07142,175.03724259999998,7010278,39,15,18,24,33,21,2,144,3.0
4,2.0,619.0,1325000,-36.9172991,174.93491219999999,7009262,30,12,15,15,15,33,2,120,2.0
4,2.0,822.0,970000,-36.905038,174.9367021,7007012,60,18,27,33,9,15,4,168,2.0
4,2.0,505.0,980000,-37.2216763,174.8968726,7010517,51,21,27,24,30,54,13,204,4.0
3,2.0,350.0,710000,-37.05657,174.94405759999998,7010105,63,24,42,18,21,33,19,201,8.0
5,3.0,751.0,2100000,-36.8878635,174.93162780000003,7006938,54,21,18,33,36,42,5,207,2.0
4,2.0,542.0,1175000,-36.932101200000005,174.68015659999998,7007452,42,15,15,21,21,27,2,144,6.0
7,2.0,357.0,1120000,-36.8635176,174.7506549,7005119,15,48,45,9,9,12,10,141,4.0
4,3.0,334.0,1700000,-36.862700200000006,174.7505971,7005119,15,48,45,9,9,12,10,141,4.0
5,4.0,376.0,1800000,-36.915095,174.8971716,7006764,51,24,30,27,9,33,5,174,7.0
5,3.0,287.0,1175000,-36.9170093,174.79789230000003,7007984,30,15,21,9,15,15,14,108,9.0
5,2.0,292.0,1175000,-36.9170093,174.79789230000003,7007984,30,15,21,9,15,15,14,108,9.0
3,2.0,121.0,1600000,-36.903153,174.7682399,7005476,30,18,9,24,18,18,23,123,5.0
3,1.0,911.0,960000,-36.8527977,174.54429869999998,7003424,78,39,33,45,24,12,3,231,4.0
4,1.0,607.0,570000,-37.0246359,174.8718344,7009576,78,30,24,24,21,21,37,198,10.0
4,2.0,800.0,1550000,-36.886546200000005,174.9237292,7006896,54,27,18,21,54,54,9,231,4.0
3,1.0,1095.0,860000,-37.2182453,174.895161,7010516,33,18,18,21,33,39,13,171,3.0
5,2.0,900.0,840000,-37.0117347,174.89435980000002,7009765,60,36,39,24,30,18,37,207,8.0
5,4.0,1298.0,2750000,-36.9079754,174.8636067,7006614,45,15,27,24,30,72,4,213,2.0
4,2.0,509.0,1080000,-36.8443017,174.6548741,7004212,27,15,24,21,27,24,10,144,3.0
3,2.0,604.0,1000000,-36.900176,174.8490858,7006464,24,39,24,12,12,27,18,141,7.0
3,2.0,347.0,770000,-36.633540100000005,174.7350362,7001648,24,24,12,30,27,27,2,156,7.0
2,2.0,362.0,580000,-37.260459399999995,174.9502378,7011006,69,18,33,30,24,45,7,213,10.0
3,2.0,752.0,890000,-37.0037766,174.9192676,7009935,63,21,21,45,36,57,4,246,1.0
4,3.0,362.0,1105000,-36.921209399999995,174.673548,7007379,36,30,36,24,24,24,10,171,4.0
2,1.0,73.0,620000,-36.9237379,174.7333768,7007621,24,36,15,24,18,21,26,138,6.0
3,1.0,713.0,940000,-36.907574,174.9217784,7009119,78,39,27,48,45,39,1,282,5.0
2,1.0,43.0,380000,-36.9930125,174.87844990000002,7008786,21,39,36,24,21,24,2,168,8.0
2,1.0,45.0,385000,-36.9930125,174.87844990000002,7008786,21,39,36,24,21,24,2,168,8.0
5,2.0,665.0,880000,-36.8687518,174.62545749999998,7003863,54,33,30,27,30,39,4,210,9.0
2,1.0,221.0,840000,-36.885465,174.816169,7006100,39,24,27,27,18,39,59,174,5.0
8,5.0,378.0,1360000,-36.985085999999995,174.91392380000002,7009108,18,18,12,15,18,18,25,99,6.0
5,3.0,664.0,1790000,-36.838611900000004,174.66054630000002,7004208,33,18,15,9,24,27,10,120,3.0
4,2.0,906.0,1125000,-36.929367600000006,174.7568343,7007737,30,18,12,24,21,12,14,129,2.0
3,2.0,397.0,1875000,-36.8712071,174.8066445,7005976,42,15,21,24,33,36,59,180,2.0
3,1.0,470.0,725000,-36.895174600000004,174.6804551,7004343,66,42,39,36,18,21,23,225,8.0
3,2.0,562.0,1025000,-36.922313700000004,174.8937192,7008926,63,51,57,39,45,78,2,336,4.0
5,3.0,5340.0,1875000,-36.9455156,174.92614790000002,7006957,45,27,21,24,24,39,2,186,3.0
5,3.0,507.0,910000,-37.011177200000006,174.91711980000002,7009944,60,24,33,27,21,18,37,186,3.0
4,2.0,403.0,860000,-37.0107023,174.9174573,7009944,60,24,33,27,21,18,37,186,3.0
5,2.0,605.0,1150000,-36.6045094,174.7932875,7001682,45,24,18,33,27,48,3,189,3.0
4,3.0,184.0,860000,-36.975556,174.836166,7008313,57,45,33,24,24,24,29,207,7.0
3,1.0,714.0,770000,-36.401192200000004,174.6712341,7001301,6,12,6,9,12,72,3,120,8.0
3,1.0,492.0,600000,-37.083348799999996,174.9381973,7010086,54,27,27,30,12,21,2,174,9.0
2,1.0,82.0,530000,-36.9133821,174.80134980000003,7008075,69,30,36,30,18,24,14,210,9.0
2,2.0,8638.0,650000,-36.305955,175.4924245,7001135,30,21,21,21,39,69,4,201,9.0
3,2.0,352.0,570000,-36.8886106,174.6563372,7004225,33,24,27,18,15,18,4,144,7.0
2,1.0,91.0,680000,-36.8478196,174.78071359999998,7005655,78,204,177,45,15,12,10,534,9.0
5,3.0,722.0,990000,-37.1867797,174.9166046,7010545,45,12,15,24,21,18,13,141,7.0
4,2.0,352.0,690000,-37.20566029999999,174.88080380000002,7010462,27,12,12,15,12,21,13,96,7.0
5,4.0,683.0,1975000,-36.868911700000005,174.797773,7005827,33,12,6,24,15,15,59,108,3.0
5,2.0,377.0,2350000,-36.8690673,174.7978168,7005827,33,12,6,24,15,15,59,108,3.0
3,2.0,1198.0,1100000,-36.8850429,175.041516,7007085,36,18,12,24,18,27,1,132,2.0
4,1.0,1136.0,610000,-37.0565761,174.9642808,7010227,48,21,27,12,18,21,19,150,9.0
4,3.0,860.0,1750000,-36.9014009,174.9468893,7007005,39,12,18,21,24,30,4,150,1.0
3,1.0,326.0,910000,-36.8228391,174.6281755,7003786,120,42,30,33,24,18,7,264,10.0
2,1.0,130.0,940000,-36.8666809,174.78046819999997,7005703,24,30,24,12,24,18,59,138,4.0
2,1.0,908.0,550000,-37.025779,174.8907126,7009667,66,30,33,21,21,18,37,183,10.0
5,4.0,1358.0,3125000,-36.8603271,174.851155,7006406,51,27,30,27,24,27,29,177,2.0
4,2.0,138.0,570000,-36.950408200000005,174.8067565,7008081,105,39,42,45,33,21,3,294,9.0
3,1.0,746.0,560000,-37.05679179999999,174.96605369999997,7010228,87,39,39,36,33,27,19,261,10.0
3,1.0,732.0,690000,-37.0778044,174.9465959,7010140,42,27,30,27,24,33,2,180,5.0
3,1.0,610.0,530000,-37.0268476,174.86908480000002,7009475,96,42,33,18,36,18,37,243,10.0
4,2.0,311.0,300000,-37.051279799999996,174.9619612,7010161,54,27,36,12,15,9,19,150,9.0
3,1.0,862.0,630000,-37.0458133,174.9145655,7009918,75,24,33,21,21,24,4,195,8.0
3,1.0,1396.0,885000,-36.8786421,174.5495642,7003427,78,24,27,48,42,48,5,267,2.0
3,2.0,2933.0,980000,-36.886068200000004,174.5424633,7003427,78,24,27,48,42,48,5,267,2.0
5,4.0,5093.0,1700000,-37.0061263,174.9303335,7010006,15,12,6,9,30,24,2,102,2.0
4,2.0,810.0,3700000,-36.8694386,174.88094519999999,7006674,33,9,9,15,21,27,2,117,1.0
5,3.0,938.0,3125000,-36.877044399999996,174.80817340000002,7005985,30,12,6,21,24,24,59,123,1.0
4,3.0,938.0,3125000,-36.877044399999996,174.80817340000002,7005985,30,12,6,21,24,24,59,123,1.0
4,3.0,403.0,2575000,-36.8604098,174.878016,7006636,45,9,15,21,36,30,10,153,1.0
5,2.0,300.0,1600000,-36.8852812,174.8103013,7006007,15,27,21,6,3,21,59,102,6.0
5,2.0,809.0,1025000,-36.8382589,174.6506283,7004073,33,21,21,18,15,18,10,135,7.0
4,3.0,251.0,2625000,-36.8539339,174.8373889,7006290,60,9,15,30,27,36,5,174,1.0
4,2.0,698.0,640000,-37.2014081,174.8914514,7010489,39,30,27,15,24,30,13,165,5.0
5,3.0,724.0,1400000,-36.887245899999996,174.9897884,7007032,48,9,12,30,30,48,6,174,1.0
3,1.0,80.0,600000,-36.9858679,174.84190130000002,7008434,78,57,51,18,15,24,29,243,9.0
2,1.0,90.0,500000,-36.902824700000004,174.6723392,7004289,57,24,36,24,18,27,10,189,8.0
5,3.0,818.0,1300000,-36.926457299999996,174.7295618,7007622,42,24,27,21,30,30,26,174,5.0
3,1.0,100.0,660000,-36.821575200000005,174.6218255,7003776,78,45,48,36,30,21,7,261,8.0
2,1.0,2256.0,680000,-36.7865104,175.0495212,7003375,36,15,21,36,27,45,4,186,5.0
6,4.0,377.0,1350000,-36.974479200000005,174.9289209,7009313,24,15,21,12,6,12,25,81,5.0
6,5.0,413.0,710000,-36.9734507,174.9263337,7009313,24,15,21,12,6,12,25,81,5.0
2,1.0,696.0,680000,-36.9398528,174.851282,7008479,51,21,30,6,15,9,10,129,10.0
2,2.0,197.0,540000,-36.8983921,174.7131434,7004644,60,45,27,18,18,21,9,192,10.0
3,2.0,216.0,1300000,-36.8474999,174.8624588,7006477,33,27,24,21,36,54,29,189,2.0
3,1.0,893.0,760000,-36.793597999999996,175.0474039,7003379,24,12,15,15,30,24,4,126,6.0
5,3.0,2188.0,1350000,-36.9182345,174.663202,7007314,21,21,18,15,24,18,12,114,5.0
4,3.0,508.0,1125000,-36.850052500000004,174.6071215,7003528,60,48,57,33,18,33,15,255,6.0
4,2.0,1012.0,1055000,-36.847053100000004,174.6064801,7003528,60,48,57,33,18,33,15,255,6.0
3,1.0,407.0,860000,-36.8553172,174.6511561,7004094,48,27,27,30,18,21,10,168,8.0
6,2.0,284.0,1350000,-36.917485600000006,174.6999272,7007477,36,12,21,33,3,33,19,135,5.0
5,4.0,516.0,2525000,-36.887315,174.79703590000003,7005867,24,12,6,21,33,27,59,117,4.0
3,1.0,80.0,440000,-37.0585226,174.9639231,7010231,90,24,30,30,15,24,19,216,10.0
5,2.0,604.0,620000,-37.0377352,174.8616483,7009503,99,42,39,27,18,18,8,240,10.0
1,1.0,70.0,430000,-36.979802,174.8581819,7008565,18,15,24,18,18,33,29,126,7.0
4,1.0,675.0,1150000,-36.9419145,174.7811504,7007914,30,21,15,9,15,30,13,126,4.0
4,1.0,703.0,1360000,-36.868787700000006,174.7357501,7004961,39,48,48,24,27,9,3,192,4.0
5,3.0,357.0,1600000,-36.8694257,174.73570880000003,7004961,39,48,48,24,27,9,3,192,4.0
2,1.0,288.0,530000,-36.9477657,174.8484897,7008494,81,39,30,24,21,24,10,210,9.0
3,1.0,481.0,795000,-36.910306,174.90779419999998,7006871,57,33,24,27,33,27,2,204,7.0
4,2.0,198.0,1500000,-36.8602016,174.8251243,7006165,24,9,21,12,21,24,13,111,10.0
7,5.0,411.0,1340000,-36.9798511,174.9091138,7009100,69,51,48,33,15,36,25,249,7.0
4,2.0,663.0,1370000,-36.7280824,174.7467457,7002987,51,15,27,21,27,18,1,153,4.0
5,3.0,750.0,1775000,-36.886354,174.90058169999998,7006819,60,18,33,36,42,42,4,222,3.0
3,2.0,587.0,2075000,-36.8825261,174.7995996,7005856,45,36,12,18,33,33,59,186,2.0
3,1.0,1233.0,915000,-36.864683500000005,174.59549619999999,7003477,51,36,33,27,27,18,12,192,10.0
3,1.0,1103.0,580000,-37.2459516,174.73980559999998,7010424,51,15,18,21,18,21,4,147,9.0
3,2.0,577.0,1275000,-36.9355287,174.6756054,7007410,81,33,39,42,33,54,2,282,3.0
4,3.0,922.0,2750000,-36.8569105,174.8564186,7006493,39,6,9,21,18,27,29,123,1.0
5,3.0,600.0,1000000,-37.0499739,174.89118019999998,7009716,57,21,27,15,30,42,6,192,6.0
4,4.0,561.0,1340000,-36.873823,174.59975409999998,7003578,102,84,78,54,42,45,12,405,1.0
4,2.0,987.0,1050000,-36.8612461,174.6513205,7004106,24,30,36,21,36,39,10,189,4.0
4,2.0,461.0,1550000,-36.8593031,174.8466779,7006403,60,6,18,39,33,39,29,189,1.0
3,2.0,150.0,630000,-36.9924403,174.89437790000002,7009726,39,33,21,12,12,21,3,138,7.0
4,3.0,7139.0,1650000,-36.7832722,174.459546,7002142,39,18,9,27,30,33,2,156,2.0
4,2.0,558.0,1000000,-36.6232582,174.7964894,7001721,78,18,57,39,15,39,9,243,2.0
4,2.0,3162.0,880000,-37.260664500000004,174.7290907,7010417,75,27,27,39,30,24,4,216,1.0
4,2.0,5884.0,1725000,-37.010292799999995,174.9195987,7009945,48,33,36,30,39,42,1,228,2.0
3,1.0,250.0,630000,-36.8673498,174.6016886,7003563,60,21,30,24,21,18,12,174,8.0
5,2.0,508.0,910000,-36.813348100000006,174.7927736,7005772,30,12,9,27,27,45,1,153,2.0
6,3.0,755.0,2950000,-36.874392,174.7604416,7005398,24,30,36,12,12,9,26,120,5.0
3,2.0,1047.0,1050000,-36.809956,174.693898,7002468,27,18,12,9,27,18,6,123,1.0
5,2.0,1002.0,920000,-36.885154,174.6569697,7004222,21,15,15,12,9,15,4,93,9.0
4,2.0,7480.0,1500000,-37.1539815,174.9593174,7010368,30,9,15,21,27,39,1,138,2.0
2,2.0,119.0,700000,-37.0510717,174.9523543,7010158,81,30,36,18,21,15,19,201,8.0
2,2.0,119.0,700000,-37.0510717,174.9523543,7010158,81,30,36,18,21,15,19,201,8.0
5,3.0,1126.0,2200000,-36.868502899999996,174.90514019999998,7006782,36,18,18,18,27,39,6,147,3.0
3,1.0,706.0,600000,-36.968728999999996,174.8119349,7008123,141,42,39,45,36,27,9,327,10.0
3,1.0,603.0,700000,-36.984773,174.8354962,7008319,36,21,21,18,21,21,29,141,7.0
5,3.0,266.0,2175000,-36.874537200000006,174.8152127,7006065,30,12,24,9,30,30,59,138,2.0
3,1.0,842.0,720000,-36.992832,174.8488498,7008321,48,30,18,12,27,24,1,159,10.0
3,1.0,1012.0,1020000,-36.86426779999999,174.6018675,7003558,36,21,21,18,21,27,12,135,8.0
4,2.0,1599.0,1150000,-36.8860015,174.9279754,7006940,69,30,27,51,24,42,5,237,4.0
6,2.0,1014.0,1300000,-36.953207,174.8454736,7008382,51,21,18,15,18,18,10,147,10.0
3,2.0,350.0,670000,-36.8618218,174.60490880000003,7003548,78,36,33,36,15,24,12,213,8.0
3,1.0,120.0,630000,-37.050791,174.861378,7009529,30,21,21,15,24,27,8,147,9.0
3,1.0,100.0,620000,-36.836371,174.6099833,7003508,69,45,39,21,24,12,15,210,8.0
3,2.0,803.0,950000,-36.8350485,174.62935259999998,7003813,33,21,21,15,24,45,15,153,2.0
3,1.0,400.0,625000,-36.98714879999999,174.8919507,7008908,120,66,51,51,18,36,3,342,8.0
2,1.0,936.0,740000,-36.9531644,174.8496839,7008498,54,39,33,24,36,30,10,213,9.0
5,3.0,1207.0,1850000,-36.8999324,174.949745,7007018,36,15,9,21,12,33,4,126,2.0
3,1.0,519.0,560000,-37.053359,174.9375378,7010039,45,39,36,21,30,33,19,195,9.0
4,2.0,1409.0,880000,-36.8525715,174.5165363,7003417,21,15,12,21,27,30,3,123,2.0
3,1.0,161.0,1380000,-36.8740206,174.75047890000002,7005168,36,33,18,27,21,24,26,159,3.0
4,2.0,956.0,880000,-36.794925899999996,174.6910567,7002449,33,24,15,21,15,15,6,120,2.0
4,1.0,607.0,1575000,-36.8758066,174.74652700000001,7005171,48,39,12,30,24,9,26,162,3.0
5,3.0,809.0,1250000,-36.965782899999994,174.8567632,7008516,48,51,24,30,15,15,29,183,5.0
3,1.0,405.0,600000,-37.0672518,174.96104499999998,7010248,24,6,9,12,9,12,19,72,9.0
4,2.0,812.0,1425000,-36.8842695,174.8693812,7006661,36,18,15,9,9,18,2,102,9.0
3,1.0,1196.0,600000,-37.0241544,174.9052145,7009887,51,27,18,12,12,15,2,135,9.0
3,1.0,1014.0,5600000,-36.908485399999996,174.8387404,7008323,30,39,30,21,27,15,18,162,9.0
4,2.0,602.0,455000,-36.6009453,174.5919841,7001358,54,30,18,30,48,48,2,231,2.0
4,3.0,437.0,1225000,-36.9237381,174.7621104,7007776,51,30,42,33,36,30,14,225,2.0
3,1.0,567.0,890000,-36.9291518,174.73804819999998,7007683,45,48,33,27,21,33,26,195,4.0
4,2.0,500.0,1230000,-36.898904200000004,174.837354,7006376,30,24,12,21,15,9,18,117,5.0
3,1.0,132.0,860000,-36.8949685,174.6938669,7004404,6,3,15,12,12,147,23,189,8.0
2,1.0,70.0,710000,-36.87516289999999,174.724321,7004759,60,42,57,33,27,18,9,231,3.0
3,1.0,365.0,580000,-36.91619229999999,174.6277092,7007141,69,39,24,18,15,12,6,177,9.0
4,2.0,597.0,870000,-37.0428312,174.8714538,7009516,105,51,36,39,33,36,8,300,9.0
3,1.0,627.0,960000,-36.890285999999996,174.9173753,7006893,51,30,27,12,36,36,6,195,3.0
6,4.0,451.0,1300000,-36.72428,174.74374,7002079,30,21,18,12,12,12,2,105,4.0
3,1.0,80.0,390000,-37.0297799,174.8615585,7009492,147,54,39,33,45,18,5,336,10.0
4,1.0,610.0,465000,-37.0305175,174.861123,7009492,147,54,39,33,45,18,5,336,10.0
4,2.0,280.0,1500000,-36.8890341,174.843808,7006358,54,24,27,33,21,39,5,201,1.0
3,2.0,809.0,600000,-36.8178737,175.0565507,7003372,27,3,3,24,21,42,2,126,4.0
3,1.0,819.0,920000,-36.831270700000005,174.651131,7004062,57,21,36,33,15,24,10,180,5.0
3,1.0,1012.0,1150000,-36.9151938,174.7018638,7007472,51,42,36,24,15,39,19,219,4.0
4,2.0,325.0,1950000,-36.7664383,174.5644001,7002198,48,24,6,36,18,24,4,162,2.0
3,1.0,499.0,650000,-36.860793,174.6091341,7003546,60,39,30,21,21,24,12,192,8.0
3,1.0,259.0,770000,-36.9094768,174.88893290000001,7008791,42,15,24,27,9,18,5,129,8.0
4,2.0,458.0,750000,-37.0584227,174.9739408,7010220,144,54,72,36,42,24,19,372,8.0
4,2.0,350.0,1160000,-36.7268294,174.7370666,7002014,51,15,27,24,12,21,2,150,1.0
4,3.0,639.0,1870000,-36.907999600000004,174.8603389,7006615,48,33,27,27,27,42,4,204,6.0
3,1.0,607.0,600000,-37.022769200000006,174.8682038,7009457,117,60,30,33,30,27,37,291,10.0
3,1.0,6158.0,780000,-36.562416,174.3170782,7001254,30,9,9,18,12,33,1,117,6.0
4,3.0,301.0,2000000,-36.8581213,174.901969,7006768,33,12,15,18,24,42,6,138,3.0
2,2.0,76.0,930000,-36.887498,174.64477380000002,7004164,51,24,36,27,39,69,4,237,6.0
4,2.0,400.0,1890000,-36.8660654,174.9027367,7006780,33,15,9,24,24,33,6,132,5.0
2,2.0,125.0,840000,-36.9019039,174.8600165,7006610,30,15,21,18,9,39,3,126,6.0
3,1.0,618.0,510000,-37.026559999999996,174.8655584,7009470,120,57,45,45,39,21,5,327,9.0
5,3.0,672.0,910000,-37.002833100000004,174.901131,7009755,63,63,45,33,45,63,4,312,5.0
4,2.0,466.0,960000,-36.609543,174.69740090000002,7001552,33,9,15,15,6,18,5,96,7.0
5,3.0,601.0,620000,-36.6080545,174.695604,7001552,33,9,15,15,6,18,5,96,7.0
4,3.0,224.0,940000,-36.967141999999996,174.9149611,7009232,201,138,138,78,54,57,25,666,4.0
4,3.0,244.0,1950000,-36.85018170000001,174.7492844,7005090,24,36,21,12,24,54,2,180,7.0
4,2.0,218.0,890000,-36.8536657,174.86480659999998,7006486,54,12,21,30,30,39,29,180,1.0
4,2.0,375.0,2100000,-36.8520398,174.8632513,7006486,54,12,21,30,30,39,29,180,1.0
4,3.0,228.0,1775000,-36.8962024,174.7694086,7005623,42,36,15,33,18,39,23,177,2.0
5,2.0,704.0,1025000,-36.9246398,174.89917340000002,7008933,42,27,36,21,18,12,2,159,3.0
3,3.0,536.0,850000,-36.874314399999996,174.7471131,7005169,9,27,36,15,6,6,26,105,4.0
3,2.0,371.0,950000,-36.9129704,174.8793489,7008686,33,24,33,21,21,18,4,141,7.0
5,4.0,887.0,3600000,-36.8590175,174.8210804,7006051,54,39,36,27,27,33,13,210,5.0
4,2.0,666.0,1200000,-36.605053000000005,174.66990280000002,7001416,96,18,60,48,30,39,6,285,1.0
4,2.0,397.0,1700000,-36.8767079,174.7488003,7005161,24,36,36,27,6,9,26,135,8.0
4,1.0,607.0,950000,-36.946912700000006,174.7759574,7007846,63,30,42,42,21,36,13,231,8.0
4,3.0,300.0,880000,-36.9589,174.7870691,7007938,138,63,66,45,24,30,13,369,9.0
3,1.0,550.0,1000000,-36.9441079,174.79033959999998,7007920,69,42,42,45,36,84,13,324,6.0
2,1.0,680.0,960000,-36.9435627,174.7686467,7007842,72,21,36,33,21,54,13,234,7.0
4,3.0,784.0,2300000,-36.8660765,174.80419780000003,7005965,60,15,27,24,27,21,59,174,1.0
3,1.0,584.0,1055000,-36.9189515,174.7944395,7007988,45,18,30,33,24,21,14,171,6.0
5,4.0,888.0,1680000,-36.9186243,174.7943984,7007988,45,18,30,33,24,21,14,171,6.0
4,3.0,683.0,880000,-36.9225447,174.71894540000002,7007566,48,48,42,33,33,45,26,249,6.0
6,5.0,424.0,1455000,-36.878769399999996,174.7569337,7005411,48,18,12,24,21,27,26,150,1.0
5,2.0,1025.0,3800000,-36.8680346,174.7921862,7005844,39,15,9,24,15,27,59,135,2.0
5,5.0,1449.0,5000000,-36.866936200000005,174.7899962,7005844,39,15,9,24,15,27,59,135,2.0
5,4.0,480.0,1240000,-36.876324700000005,174.7612334,7005400,33,75,42,24,33,36,26,237,4.0
6,7.0,507.0,1875000,-36.876324700000005,174.7612334,7005400,33,75,42,24,33,36,26,237,4.0
5,5.0,506.0,2525000,-36.876324700000005,174.7612334,7005400,33,75,42,24,33,36,26,237,4.0
3,2.0,825.0,970000,-36.903199,174.7191311,7004664,33,21,27,21,18,30,10,150,7.0
4,1.0,718.0,1040000,-36.915850299999995,174.7039948,7007527,42,33,15,21,27,27,19,171,8.0
3,2.0,531.0,2125000,-36.89594520000001,174.760417,7005460,45,24,15,21,24,27,26,168,3.0
3,1.0,306.0,2525000,-36.8444472,174.74733030000002,7005080,24,12,18,21,18,69,5,165,2.0
4,3.0,328.0,1220000,-36.85960120000001,174.84341930000002,7006303,36,15,15,24,30,45,5,168,1.0
3,2.0,607.0,1360000,-36.892654,174.75874419999997,7005442,27,51,30,18,18,18,26,159,5.0
3,1.0,218.0,1525000,-36.8492467,174.741151,7004883,36,24,33,36,27,30,5,186,3.0
3,2.0,543.0,1975000,-36.88795579999999,174.754656,7005192,51,24,9,30,21,30,26,168,6.0
3,1.0,455.0,2900000,-36.8492592,174.737546,7004906,81,18,24,45,30,18,5,219,1.0
3,1.0,723.0,950000,-36.9082849,174.6976546,7007454,72,66,45,33,24,51,23,291,9.0
4,1.0,1330.0,1105000,-36.9074477,174.7006273,7007454,72,66,45,33,24,51,23,291,9.0
3,1.0,725.0,1180000,-36.8720864,174.85362800000001,7006436,33,21,18,12,15,0,3,108,10.0
3,1.0,1568.0,2450000,-36.9100148,174.7485246,7007699,57,42,33,21,27,27,26,216,8.0
3,1.0,615.0,940000,-36.914629,174.7074968,7007518,36,42,15,27,36,39,19,192,4.0
4,3.0,558.0,1290000,-36.9165093,174.71180180000002,7007524,30,18,18,15,18,24,19,123,3.0
3,1.0,378.0,790000,-36.886776,174.683863,7004323,60,39,36,27,24,30,23,216,7.0
4,3.0,304.0,1280000,-36.9837092,174.8552113,7009397,42,63,30,21,15,33,29,210,9.0
3,1.0,675.0,1500000,-36.923331899999994,174.78367269999998,7007896,27,33,33,36,48,57,14,228,10.0
4,2.0,383.0,980000,-36.914478100000004,174.7039619,7007519,21,27,18,18,18,24,19,132,6.0
4,2.0,592.0,1340000,-36.884592600000005,174.724023,7004786,57,15,12,36,21,15,9,159,1.0
4,3.0,701.0,1650000,-36.90869489999999,174.8522534,7008443,21,15,6,12,42,78,18,177,3.0
4,2.0,612.0,1025000,-36.911313899999996,174.79599819999999,7007965,72,36,39,24,21,30,14,216,9.0
4,1.0,522.0,1775000,-36.862191499999994,174.7308889,7004741,54,18,24,36,33,21,10,180,1.0
5,3.0,446.0,1350000,-36.9249153,174.74871399999998,7007724,51,57,30,33,24,33,26,225,3.0
5,2.0,625.0,1085000,-36.9163791,174.70789969999998,7007528,39,21,24,18,9,27,19,129,4.0
3,1.0,584.0,810000,-36.91551320000001,174.7941574,7007981,27,12,21,21,18,24,14,126,5.0
4,2.0,895.0,1250000,-36.922188399999996,174.7512236,7007730,30,45,30,24,27,21,14,174,4.0
3,2.0,417.0,1225000,-36.9184865,174.7521391,7007730,30,45,30,24,27,21,14,174,4.0
5,3.0,184.0,850000,-36.9052102,174.7061706,7004537,36,45,39,18,15,24,23,165,6.0
5,3.0,478.0,1245000,-36.9045255,174.705919,7004537,36,45,39,18,15,24,10,165,6.0
4,3.0,344.0,1245000,-36.9045255,174.705919,7004537,36,45,39,18,15,24,10,165,6.0
3,1.0,496.0,1400000,-36.8536208,174.7326333,7004711,63,33,42,33,30,48,5,246,9.0
3,1.0,763.0,1230000,-36.89840220000001,174.7287065,7004823,51,36,9,21,9,9,6,135,10.0
4,2.0,658.0,910000,-36.92120739999999,174.7638353,7007773,33,21,15,24,9,24,14,126,6.0
5,4.0,483.0,2475000,-36.8514061,174.8413399,7006284,12,6,18,18,15,33,5,102,3.0
4,3.0,708.0,1675000,-36.9024169,174.7618185,7005472,36,21,18,18,21,24,23,144,2.0
4,2.0,809.0,1750000,-36.9042206,174.7612986,7005472,36,21,18,18,21,24,6,144,2.0
4,3.0,365.0,780000,-36.9113854,174.70471980000002,7007511,60,33,27,21,24,21,19,192,10.0
5,3.0,540.0,2100000,-36.8576438,174.8696614,7006631,75,9,9,42,30,21,10,186,1.0
5,5.0,402.0,2350000,-36.8619224,174.85721999999998,7006421,42,3,9,24,6,42,29,135,2.0
2,1.0,696.0,680000,-36.8462198,174.76427759999999,7005269,18,36,39,18,12,15,10,132,5.0
3,1.0,688.0,1000000,-36.9262521,174.71852030000002,7007576,45,21,21,21,15,33,3,156,3.0
3,1.0,498.0,985000,-36.8991706,174.7051812,7004520,51,39,57,27,21,33,10,219,5.0
3,1.0,2168.0,1940000,-36.8481896,174.7268372,7004704,66,15,12,42,45,39,5,216,2.0
3,2.0,617.0,3050000,-36.879025299999995,174.7913599,7005841,45,24,6,24,30,39,59,162,1.0
3,2.0,268.0,740000,-36.871324,174.856745,7006537,75,54,45,21,18,33,3,252,9.0
3,3.0,1173.0,3300000,-36.8544409,174.85928669999998,7006491,57,15,3,39,24,36,29,177,1.0
5,3.0,500.0,1275000,-36.8884324,174.67942299999999,7004325,45,54,30,39,33,60,23,267,8.0
3,2.0,1219.0,2000000,-36.8619669,174.8695533,7006638,33,27,9,18,18,27,10,138,9.0
3,1.0,658.0,1475000,-36.8955756,174.7558628,7005222,33,33,36,24,18,27,26,168,5.0
4,2.0,674.0,840000,-36.905828799999995,174.6953574,7004427,63,42,30,27,24,18,23,198,6.0
3,1.0,961.0,1820000,-36.8998764,174.8121941,7006033,18,15,18,15,9,18,9,93,3.0
5,4.0,466.0,1650000,-36.8763067,174.713555,7004598,42,30,39,21,18,30,9,180,8.0
5,4.0,498.0,1500000,-36.920821999999994,174.7086401,7007534,33,21,24,12,21,27,19,135,7.0
4,4.0,475.0,4300000,-36.8577078,174.78667190000002,7005663,18,9,27,9,15,30,8,114,5.0
3,2.0,258.0,2200000,-36.841823299999994,174.7436499,7004861,12,27,15,9,24,12,5,108,2.0
4,2.0,388.0,1950000,-36.8569239,174.8530156,7006414,36,12,9,15,27,27,29,126,1.0
5,3.0,379.0,2650000,-36.8901584,174.79092859999997,7005874,54,18,24,30,21,30,4,171,5.0
3,1.0,675.0,1100000,-36.9134149,174.7815573,7007873,54,54,57,30,27,36,14,258,6.0
4,2.0,1133.0,1280000,-36.9081328,174.8258697,7008240,24,12,15,12,15,21,18,105,5.0
6,2.0,1190.0,800000,-36.8721492,174.7931936,7005833,51,15,12,36,30,21,59,159,3.0
4,2.0,921.0,2400000,-36.895953000000006,174.7663558,7005452,45,27,15,27,21,39,23,168,5.0
4,2.0,400.0,1125000,-36.9035745,174.7391566,7005058,54,27,30,21,24,15,6,180,10.0
3,1.0,936.0,2725000,-36.8705393,174.8031034,7005973,60,24,30,27,30,27,59,195,1.0
5,3.0,926.0,2150000,-36.9060592,174.76925480000003,7005634,39,24,18,30,33,45,23,186,4.0
4,2.0,479.0,1220000,-36.8691966,174.8547967,7006433,90,63,48,21,24,21,3,261,7.0
4,2.0,525.0,1575000,-36.8937599,174.80918069999998,7006016,30,48,60,36,33,30,9,231,4.0
4,2.0,469.0,2500000,-36.8507913,174.8667629,7006481,48,18,12,24,45,45,29,186,1.0
5,3.0,498.0,2650000,-36.85159960000001,174.86758659999998,7006481,48,18,12,24,45,45,29,186,1.0
2,1.0,531.0,1220000,-36.8933679,174.7424117,7005002,42,48,36,30,21,30,26,210,6.0
5,4.0,329.0,940000,-36.893132200000004,174.70815459999997,7004507,36,54,42,15,18,15,9,183,7.0
3,1.0,364.0,1000000,-36.9142882,174.7238636,7007599,39,54,36,21,21,33,26,204,6.0
4,3.0,319.0,2675000,-36.872813,174.7962419,7005834,36,21,12,21,15,30,59,144,3.0
5,3.0,585.0,1525000,-36.893449200000006,174.6987636,7004403,45,24,36,30,18,33,23,186,9.0
4,3.0,306.0,1025000,-36.9063092,174.8009368,7006024,48,36,27,24,12,9,2,159,9.0
4,2.0,200.0,1425000,-36.886961,174.83991310000002,7006348,51,15,33,33,21,33,5,189,1.0
4,2.0,573.0,1220000,-36.887362700000004,174.75000480000003,7005189,39,27,12,27,12,9,26,123,2.0
3,2.0,201.0,360000,-36.845533,174.758984,7005264,0,0,0,0,0,0,10,3,1.0
2,1.0,1108.0,1600000,-36.888758,174.69546269999998,7004388,48,27,33,27,18,18,23,174,8.0
4,3.0,300.0,1450000,-36.872516600000004,174.8439794,7006323,36,30,45,24,15,27,7,183,4.0
4,2.0,1075.0,1130000,-36.9063931,174.7067597,7007502,18,24,24,9,9,15,23,96,7.0
3,1.0,475.0,750000,-36.915571500000006,174.83105830000002,7008250,51,48,36,18,12,21,18,192,8.0
4,3.0,303.0,1000000,-36.917081,174.70143969999998,7007515,39,24,30,21,21,21,19,156,4.0
5,4.0,651.0,3350000,-36.8851805,174.7818065,7005738,21,18,12,9,12,24,23,99,7.0
5,4.0,751.0,770000,-36.89890689999999,174.6600901,7004241,87,42,30,27,24,15,2,222,10.0
5,3.0,390.0,845000,-36.9069713,174.7445629,7007697,39,48,15,21,18,27,26,171,8.0
4,3.0,221.0,930000,-36.908429999999996,174.7641962,7007749,36,21,15,21,24,27,23,144,4.0
5,4.0,854.0,3125000,-36.8620859,174.8790697,7006672,60,18,12,33,21,27,10,174,2.0
5,3.0,220.0,1240000,-36.8971339,174.7461594,7005229,42,51,51,12,30,27,26,219,5.0
4,2.0,980.0,980000,-36.9227584,174.7565188,7007735,36,33,27,21,21,24,14,168,6.0
2,1.0,306.0,780000,-36.8492709,174.7658971,7005287,45,147,60,12,6,6,10,273,7.0
3,3.0,607.0,2900000,-36.8561916,174.78264009999998,7005688,42,69,42,33,42,60,8,285,2.0
4,3.0,814.0,2425000,-36.9006191,174.76875090000001,7005629,54,27,18,27,33,30,23,189,6.0
4,1.0,941.0,910000,-36.901547799999996,174.696465,7004416,57,45,45,27,33,21,23,231,8.0
4,3.0,177.0,970000,-36.9174364,174.7529711,7007726,51,36,51,24,15,39,14,219,6.0
3,1.0,723.0,1140000,-36.8918396,174.7327926,7004805,27,27,27,15,18,9,5,114,3.0
4,2.0,855.0,1225000,-36.9185946,174.7302842,7007608,42,33,30,24,18,30,26,174,4.0
5,2.0,1459.0,2025000,-36.916765600000005,174.7493226,7007715,45,45,36,21,30,30,26,204,4.0
3,2.0,328.0,1080000,-36.902952299999995,174.8461357,7006469,12,15,27,27,12,21,18,114,4.0
3,1.0,1004.0,2475000,-36.877328799999994,174.80579880000002,7005988,42,12,9,21,24,27,59,129,1.0
4,2.0,1171.0,2625000,-36.9000679,174.776469,7005611,15,18,3,6,30,30,23,99,4.0
4,3.0,691.0,1800000,-36.8752869,174.8411526,7006334,36,27,24,21,24,48,7,177,4.0
4,3.0,584.0,1200000,-36.851318299999996,174.83569440000002,7006276,21,21,12,18,15,30,11,123,4.0
7,3.0,729.0,2000000,-36.861328,174.782615,7005669,36,33,33,33,12,42,8,189,3.0
5,4.0,650.0,2675000,-36.879031,174.8175216,7006078,57,24,21,36,30,54,59,216,1.0
5,3.0,506.0,860000,-36.919732200000006,174.7091342,7007532,51,42,36,36,24,36,19,225,4.0
4,1.0,415.0,1200000,-36.919596399999996,174.6996862,7007484,42,42,33,18,18,51,19,207,5.0
5,4.0,374.0,1650000,-36.8660323,174.86125769999998,7006526,48,24,21,30,27,24,10,168,3.0
4,2.0,636.0,1950000,-36.893461,174.7605983,7005445,30,15,9,21,21,9,26,105,2.0
3,1.0,1204.0,1100000,-36.9115203,174.82483969999998,7008243,42,36,36,21,15,15,18,168,5.0
3,1.0,607.0,840000,-36.917568700000004,174.69557360000002,7007476,27,21,27,6,9,45,19,138,10.0
2,1.0,938.0,1925000,-36.8548799,174.82551030000002,7006158,15,12,24,9,15,27,13,102,6.0
5,3.0,1262.0,4650000,-36.8539847,174.8084146,7005960,18,33,18,12,27,33,13,138,2.0
5,4.0,413.0,1375000,-36.917967700000005,174.75512959999998,7007727,69,54,39,33,30,18,14,243,5.0
3,1.0,3361.0,1650000,-36.92774620000001,174.8519919,7008449,78,54,42,30,24,15,18,231,8.0
3,1.0,814.0,1230000,-36.9251294,174.71035569999998,7007540,60,27,24,24,33,33,19,204,4.0
4,2.0,1100.0,2550000,-36.864488200000004,174.84990980000003,7006418,39,9,12,24,24,33,29,138,1.0
5,3.0,524.0,1875000,-36.8920958,174.7269886,7004801,36,48,27,21,18,24,5,168,6.0
4,2.0,721.0,3400000,-36.852993700000006,174.7175488,7004566,30,18,6,18,15,30,1,114,3.0
3,1.0,494.0,770000,-36.916898100000004,174.7370148,7007663,42,39,9,24,18,12,26,150,10.0
5,3.0,1006.0,2475000,-36.8531218,174.8322103,7006172,39,12,27,27,27,48,11,180,1.0
3,1.0,1867.0,2075000,-36.884704799999994,174.7022144,7004495,18,39,27,15,3,12,4,117,7.0
4,3.0,397.0,1160000,-36.8876414,174.7966714,7005868,54,30,15,18,24,27,59,165,5.0
3,2.0,908.0,1150000,-36.9265598,174.70086650000002,7007494,33,24,18,21,27,57,19,183,6.0
4,3.0,277.0,1850000,-36.9106508,174.7778042,7007803,45,27,51,30,9,30,2,192,7.0
5,3.0,308.0,1250000,-36.9059437,174.7174915,7004668,39,51,21,15,33,27,10,189,8.0
5,3.0,888.0,3500000,-36.847621600000004,174.869938,7006620,78,15,18,33,39,39,29,213,1.0
5,3.0,664.0,3900000,-36.847171,174.8701092,7006620,78,15,18,33,39,39,29,213,1.0
5,3.0,889.0,4100000,-36.84791920000001,174.8701244,7006620,78,15,18,33,39,39,29,213,1.0
4,2.0,677.0,3450000,-36.8808042,174.8040785,7005992,42,27,12,21,30,33,59,165,5.0
3,1.0,670.0,830000,-36.9339956,174.8450852,7008345,57,36,30,24,21,15,18,186,7.0
4,2.0,837.0,1850000,-36.867321399999994,174.8324686,7006199,36,24,24,21,27,12,4,147,3.0
6,4.0,3062.0,12250000,-36.872513899999994,174.788572,7005696,60,12,15,27,24,33,59,168,1.0
4,2.0,652.0,3450000,-36.872448999999996,174.789432,7005696,60,12,15,27,24,33,59,168,1.0
3,2.0,971.0,2425000,-36.9513274,174.84849509999998,7008497,42,27,33,15,24,21,10,168,9.0
4,2.0,344.0,1000000,-36.8984767,174.7009007,7004411,36,27,21,24,15,18,23,132,6.0
3,1.0,581.0,990000,-36.9153146,174.79007990000002,7007881,45,24,30,18,24,12,14,159,2.0
4,2.0,1743.0,2375000,-36.88879779999999,174.7583858,7005430,60,51,30,39,18,18,26,216,6.0
4,2.0,350.0,1150000,-36.9108802,174.7274244,7007594,51,60,39,18,30,21,26,219,6.0
5,2.0,340.0,760000,-36.9071565,174.7342241,7004840,42,33,33,21,27,60,6,210,10.0
5,3.0,1080.0,3750000,-36.86708370000001,174.79880690000002,7005826,33,18,9,15,30,42,59,141,1.0
5,2.0,620.0,2250000,-36.8875514,174.78244919999997,7005743,51,24,12,21,27,33,23,174,5.0
5,6.0,3565.0,12500000,-36.8755519,174.7954021,7005840,42,9,6,27,30,36,59,150,1.0
5,3.0,736.0,1175000,-36.9304223,174.7190441,7007584,30,36,27,21,30,24,3,165,6.0
6,2.0,2053.0,1453000,-36.939243,174.847542,7008478,39,15,27,21,12,21,10,135,10.0
6,1.0,640.0,2925000,-36.8805028,174.76218590000002,7005403,36,63,12,27,21,27,26,192,5.0
3,1.0,506.0,2175000,-36.853863700000005,174.7851834,7005660,42,48,21,39,21,39,8,210,3.0
4,3.0,578.0,4000000,-36.854497200000004,174.8100437,7005961,15,15,18,9,15,27,13,102,7.0
1,1.0,252.0,920000,-36.8494974,174.83981509999998,7006283,9,12,15,12,21,54,5,123,3.0
4,1.0,1368.0,670000,-36.899255,174.7611645,7005464,54,18,15,24,21,27,26,159,1.0
6,1.0,607.0,1200000,-36.844933000000005,174.770001,7005497,15,27,24,15,18,30,10,129,6.0
5,3.0,453.0,1250000,-36.9122424,174.75672590000002,7007758,36,30,45,21,24,21,6,180,6.0
5,2.0,1854.0,5300000,-36.8796648,174.7876684,7005745,48,18,12,15,36,45,59,174,1.0
3,1.0,806.0,1665000,-36.897104299999995,174.8001712,7005917,54,33,27,27,15,30,4,192,4.0
